"InvoiceID","ReturnedDeliveryData","ReceivedBy","DeliveredWhen","Events"
"1","{""Events"": [{ ""Event"":""Ready for collection"",""EventTime"":""2013-01-01T12:00:00"",""ConNote"":""EAN-125-1051""},{ ""Event"":""DeliveryAttempt"",""EventTime"":""2013-01-02T07:05:00"",""ConNote"":""EAN-125-1051"",""DriverID"":15,""Latitude"":41.3617214,""Longitude"":-81.4695602,""Status"":""Delivered""}],""DeliveredWhen"":""2013-01-02T07:05:00"",""ReceivedBy"":""Aakriti Byrraju""}","Aakriti Byrraju","2013-01-02","Aakriti Byrraju,1357084800000,{""Event"":""Ready for collection"",""EventTime"":""2013-01-01T12:00:00"",""ConNote"":""EAN-125-1051""},{""Event"":""DeliveryAttempt"",""EventTime"":""2013-01-02T07:05:00"",""ConNote"":""EAN-125-1051"",""DriverID"":15,""Latitude"":41.3617214,""Longitude"":-81.4695602,""Status"":""Delivered""}"
"2","{""Events"": [{ ""Event"":""Ready for collection"",""EventTime"":""2013-01-01T12:00:00"",""ConNote"":""EAN-125-1052""},{ ""Event"":""DeliveryAttempt"",""EventTime"":""2013-01-02T07:10:00"",""ConNote"":""EAN-125-1052"",""DriverID"":15,""Latitude"":40.8657308,""Longitude"":-120.4602262,""Status"":""Delivered""}],""DeliveredWhen"":""2013-01-02T07:10:00"",""ReceivedBy"":""Bala Dixit""}","Bala Dixit","2013-01-02","Bala Dixit,1357084800000,{""Event"":""Ready for collection"",""EventTime"":""2013-01-01T12:00:00"",""ConNote"":""EAN-125-1052""},{""Event"":""DeliveryAttempt"",""EventTime"":""2013-01-02T07:10:00"",""ConNote"":""EAN-125-1052"",""DriverID"":15,""Latitude"":40.8657308,""Longitude"":-120.4602262,""Status"":""Delivered""}"
"3","{""Events"": [{ ""Event"":""Ready for collection"",""EventTime"":""2013-01-01T12:00:00"",""ConNote"":""EAN-125-1053""},{ ""Event"":""DeliveryAttempt"",""EventTime"":""2013-01-02T07:15:00"",""ConNote"":""EAN-125-1053"",""DriverID"":15,""Latitude"":33.4848451,""Longitude"":-89.3606259,""Status"":""Delivered""}],""DeliveredWhen"":""2013-01-02T07:15:00"",""ReceivedBy"":""Sung-Hwan Hwang""}","Sung-Hwan Hwang","2013-01-02","Sung-Hwan Hwang,1357084800000,{""Event"":""Ready for collection"",""EventTime"":""2013-01-01T12:00:00"",""ConNote"":""EAN-125-1053""},{""Event"":""DeliveryAttempt"",""EventTime"":""2013-01-02T07:15:00"",""ConNote"":""EAN-125-1053"",""DriverID"":15,""Latitude"":33.4848451,""Longitude"":-89.3606259,""Status"":""Delivered""}"
"4","{""Events"": [{ ""Event"":""Ready for collection"",""EventTime"":""2013-01-01T12:00:00"",""ConNote"":""EAN-125-1054""},{ ""Event"":""DeliveryAttempt"",""EventTime"":""2013-01-02T07:20:00"",""ConNote"":""EAN-125-1054"",""DriverID"":15,""Latitude"":41.0208896,""Longitude"":-81.4359458,""Status"":""Delivered""}],""DeliveredWhen"":""2013-01-02T07:20:00"",""ReceivedBy"":""Aile Mae""}","Aile Mae","2013-01-02","Aile Mae,1357084800000,{""Event"":""Ready for collection"",""EventTime"":""2013-01-01T12:00:00"",""ConNote"":""EAN-125-1054""},{""Event"":""DeliveryAttempt"",""EventTime"":""2013-01-02T07:20:00"",""ConNote"":""EAN-125-1054"",""DriverID"":15,""Latitude"":41.0208896,""Longitude"":-81.4359458,""Status"":""Delivered""}"
"5","{""Events"": [{ ""Event"":""Ready for collection"",""EventTime"":""2013-01-01T12:00:00"",""ConNote"":""EAN-125-1055""},{ ""Event"":""DeliveryAttempt"",""EventTime"":""2013-01-02T07:25:00"",""ConNote"":""EAN-125-1055"",""DriverID"":15,""Latitude"":45.7849627,""Longitude"":-93.5569028,""Status"":""Delivered""}],""DeliveredWhen"":""2013-01-02T07:25:00"",""ReceivedBy"":""Sara Huiting""}","Sara Huiting","2013-01-02","Sara Huiting,1357084800000,{""Event"":""Ready for collection"",""EventTime"":""2013-01-01T12:00:00"",""ConNote"":""EAN-125-1055""},{""Event"":""DeliveryAttempt"",""EventTime"":""2013-01-02T07:25:00"",""ConNote"":""EAN-125-1055"",""DriverID"":15,""Latitude"":45.7849627,""Longitude"":-93.5569028,""Status"":""Delivered""}"
"6","{""Events"": [{ ""Event"":""Ready for collection"",""EventTime"":""2013-01-01T12:00:00"",""ConNote"":""EAN-125-1056""},{ ""Event"":""DeliveryAttempt"",""EventTime"":""2013-01-02T07:30:00"",""ConNote"":""EAN-125-1056"",""DriverID"":15,""Latitude"":31.1835648,""Longitude"":-81.3498179,""Status"":""Delivered""}],""DeliveredWhen"":""2013-01-02T07:30:00"",""ReceivedBy"":""Alinne Matos""}","Alinne Matos","2013-01-02","Alinne Matos,1357084800000,{""Event"":""Ready for collection"",""EventTime"":""2013-01-01T12:00:00"",""ConNote"":""EAN-125-1056""},{""Event"":""DeliveryAttempt"",""EventTime"":""2013-01-02T07:30:00"",""ConNote"":""EAN-125-1056"",""DriverID"":15,""Latitude"":31.1835648,""Longitude"":-81.3498179,""Status"":""Delivered""}"
"7","{""Events"": [{ ""Event"":""Ready for collection"",""EventTime"":""2013-01-01T12:00:00"",""ConNote"":""EAN-125-1057""},{ ""Event"":""DeliveryAttempt"",""EventTime"":""2013-01-02T07:35:00"",""ConNote"":""EAN-125-1057"",""DriverID"":15,""Latitude"":42.5422939,""Longitude"":-76.6660589,""Status"":""Delivered""}],""DeliveredWhen"":""2013-01-02T07:35:00"",""ReceivedBy"":""Dattaatraeya Tottempudi""}","Dattaatraeya Tottempudi","2013-01-02","Dattaatraeya Tottempudi,1357084800000,{""Event"":""Ready for collection"",""EventTime"":""2013-01-01T12:00:00"",""ConNote"":""EAN-125-1057""},{""Event"":""DeliveryAttempt"",""EventTime"":""2013-01-02T07:35:00"",""ConNote"":""EAN-125-1057"",""DriverID"":15,""Latitude"":42.5422939,""Longitude"":-76.6660589,""Status"":""Delivered""}"
"8","{""Events"": [{ ""Event"":""Ready for collection"",""EventTime"":""2013-01-01T12:00:00"",""ConNote"":""EAN-125-1058""},{ ""Event"":""DeliveryAttempt"",""EventTime"":""2013-01-02T07:40:00"",""ConNote"":""EAN-125-1058"",""DriverID"":15,""Latitude"":28.4624986,""Longitude"":-82.1948076,""Status"":""Delivered""}],""DeliveredWhen"":""2013-01-02T07:40:00"",""ReceivedBy"":""Ingrida Zeltina""}","Ingrida Zeltina","2013-01-02","Ingrida Zeltina,1357084800000,{""Event"":""Ready for collection"",""EventTime"":""2013-01-01T12:00:00"",""ConNote"":""EAN-125-1058""},{""Event"":""DeliveryAttempt"",""EventTime"":""2013-01-02T07:40:00"",""ConNote"":""EAN-125-1058"",""DriverID"":15,""Latitude"":28.4624986,""Longitude"":-82.1948076,""Status"":""Delivered""}"
"9","{""Events"": [{ ""Event"":""Ready for collection"",""EventTime"":""2013-01-01T12:00:00"",""ConNote"":""EAN-125-1059""},{ ""Event"":""DeliveryAttempt"",""EventTime"":""2013-01-02T07:45:00"",""ConNote"":""EAN-125-1059"",""DriverID"":15,""Latitude"":30.9913064,""Longitude"":-83.3726575,""Status"":""Delivered""}],""DeliveredWhen"":""2013-01-02T07:45:00"",""ReceivedBy"":""Airi Vassiljev""}","Airi Vassiljev","2013-01-02","Airi Vassiljev,1357084800000,{""Event"":""Ready for collection"",""EventTime"":""2013-01-01T12:00:00"",""ConNote"":""EAN-125-1059""},{""Event"":""DeliveryAttempt"",""EventTime"":""2013-01-02T07:45:00"",""ConNote"":""EAN-125-1059"",""DriverID"":15,""Latitude"":30.9913064,""Longitude"":-83.3726575,""Status"":""Delivered""}"
"10","{""Events"": [{ ""Event"":""Ready for collection"",""EventTime"":""2013-01-01T12:00:00"",""ConNote"":""EAN-125-1060""},{ ""Event"":""DeliveryAttempt"",""EventTime"":""2013-01-02T07:50:00"",""ConNote"":""EAN-125-1060"",""DriverID"":15,""Latitude"":33.1865071,""Longitude"":-84.2113095,""Status"":""Delivered""}],""DeliveredWhen"":""2013-01-02T07:50:00"",""ReceivedBy"":""Ester Ahmadian""}","Ester Ahmadian","2013-01-02","Ester Ahmadian,1357084800000,{""Event"":""Ready for collection"",""EventTime"":""2013-01-01T12:00:00"",""ConNote"":""EAN-125-1060""},{""Event"":""DeliveryAttempt"",""EventTime"":""2013-01-02T07:50:00"",""ConNote"":""EAN-125-1060"",""DriverID"":15,""Latitude"":33.1865071,""Longitude"":-84.2113095,""Status"":""Delivered""}"
"11","{""Events"": [{ ""Event"":""Ready for collection"",""EventTime"":""2013-01-01T12:00:00"",""ConNote"":""EAN-125-1061""},{ ""Event"":""DeliveryAttempt"",""EventTime"":""2013-01-02T07:55:00"",""ConNote"":""EAN-125-1061"",""DriverID"":15,""Latitude"":29.1924772,""Longitude"":-81.9173071,""Status"":""Delivered""}],""DeliveredWhen"":""2013-01-02T07:55:00"",""ReceivedBy"":""Anete Kundzina""}","Anete Kundzina","2013-01-02","Anete Kundzina,1357084800000,{""Event"":""Ready for collection"",""EventTime"":""2013-01-01T12:00:00"",""ConNote"":""EAN-125-1061""},{""Event"":""DeliveryAttempt"",""EventTime"":""2013-01-02T07:55:00"",""ConNote"":""EAN-125-1061"",""DriverID"":15,""Latitude"":29.1924772,""Longitude"":-81.9173071,""Status"":""Delivered""}"
"12","{""Events"": [{ ""Event"":""Ready for collection"",""EventTime"":""2013-01-01T12:00:00"",""ConNote"":""EAN-125-1062""},{ ""Event"":""DeliveryAttempt"",""EventTime"":""2013-01-02T08:00:00"",""ConNote"":""EAN-125-1062"",""DriverID"":15,""Latitude"":32.8706936,""Longitude"":-83.4887852,""Status"":""Delivered""}],""DeliveredWhen"":""2013-01-02T08:00:00"",""ReceivedBy"":""Seo-yeon Rim""}","Seo-yeon Rim","2013-01-02","Seo-yeon Rim,1357084800000,{""Event"":""Ready for collection"",""EventTime"":""2013-01-01T12:00:00"",""ConNote"":""EAN-125-1062""},{""Event"":""DeliveryAttempt"",""EventTime"":""2013-01-02T08:00:00"",""ConNote"":""EAN-125-1062"",""DriverID"":15,""Latitude"":32.8706936,""Longitude"":-83.4887852,""Status"":""Delivered""}"
"13","{""Events"": [{ ""Event"":""Ready for collection"",""EventTime"":""2013-01-01T12:00:00"",""ConNote"":""EAN-125-1063""},{ ""Event"":""DeliveryAttempt"",""EventTime"":""2013-01-02T08:05:00"",""ConNote"":""EAN-125-1063"",""DriverID"":15,""Latitude"":39.3946303,""Longitude"":-120.0213080,""Status"":""Delivered""}],""DeliveredWhen"":""2013-01-02T08:05:00"",""ReceivedBy"":""Doru Munteanu""}","Doru Munteanu","2013-01-02","Doru Munteanu,1357084800000,{""Event"":""Ready for collection"",""EventTime"":""2013-01-01T12:00:00"",""ConNote"":""EAN-125-1063""},{""Event"":""DeliveryAttempt"",""EventTime"":""2013-01-02T08:05:00"",""ConNote"":""EAN-125-1063"",""DriverID"":15,""Latitude"":39.3946303,""Longitude"":-120.021308,""Status"":""Delivered""}"
"14","{""Events"": [{ ""Event"":""Ready for collection"",""EventTime"":""2013-01-01T12:00:00"",""ConNote"":""EAN-125-1064""},{ ""Event"":""DeliveryAttempt"",""EventTime"":""2013-01-02T08:10:00"",""ConNote"":""EAN-125-1064"",""DriverID"":15,""Latitude"":47.8528740,""Longitude"":-122.3334669,""Status"":""Delivered""}],""DeliveredWhen"":""2013-01-02T08:10:00"",""ReceivedBy"":""In-Su Bae""}","In-Su Bae","2013-01-02","In-Su Bae,1357084800000,{""Event"":""Ready for collection"",""EventTime"":""2013-01-01T12:00:00"",""ConNote"":""EAN-125-1064""},{""Event"":""DeliveryAttempt"",""EventTime"":""2013-01-02T08:10:00"",""ConNote"":""EAN-125-1064"",""DriverID"":15,""Latitude"":47.852874,""Longitude"":-122.3334669,""Status"":""Delivered""}"
"15","{""Events"": [{ ""Event"":""Ready for collection"",""EventTime"":""2013-01-01T12:00:00"",""ConNote"":""EAN-125-1065""},{ ""Event"":""DeliveryAttempt"",""EventTime"":""2013-01-02T08:15:00"",""ConNote"":""EAN-125-1065"",""DriverID"":15,""Latitude"":41.4353301,""Longitude"":-81.6573501,""Status"":""Delivered""}],""DeliveredWhen"":""2013-01-02T08:15:00"",""ReceivedBy"":""Valter Viiding""}","Valter Viiding","2013-01-02","Valter Viiding,1357084800000,{""Event"":""Ready for collection"",""EventTime"":""2013-01-01T12:00:00"",""ConNote"":""EAN-125-1065""},{""Event"":""DeliveryAttempt"",""EventTime"":""2013-01-02T08:15:00"",""ConNote"":""EAN-125-1065"",""DriverID"":15,""Latitude"":41.4353301,""Longitude"":-81.6573501,""Status"":""Delivered""}"
"16","{""Events"": [{ ""Event"":""Ready for collection"",""EventTime"":""2013-01-01T12:00:00"",""ConNote"":""EAN-125-1066""},{ ""Event"":""DeliveryAttempt"",""EventTime"":""2013-01-02T08:20:00"",""ConNote"":""EAN-125-1066"",""DriverID"":15,""Latitude"":39.9342780,""Longitude"":-75.3901933,""Status"":""Delivered""}],""DeliveredWhen"":""2013-01-02T08:20:00"",""ReceivedBy"":""Lan Chu""}","Lan Chu","2013-01-02","Lan Chu,1357084800000,{""Event"":""Ready for collection"",""EventTime"":""2013-01-01T12:00:00"",""ConNote"":""EAN-125-1066""},{""Event"":""DeliveryAttempt"",""EventTime"":""2013-01-02T08:20:00"",""ConNote"":""EAN-125-1066"",""DriverID"":15,""Latitude"":39.934278,""Longitude"":-75.3901933,""Status"":""Delivered""}"
"17","{""Events"": [{ ""Event"":""Ready for collection"",""EventTime"":""2013-01-01T12:00:00"",""ConNote"":""EAN-125-1067""},{ ""Event"":""DeliveryAttempt"",""EventTime"":""2013-01-02T08:25:00"",""ConNote"":""EAN-125-1067"",""DriverID"":15,""Latitude"":29.3791112,""Longitude"":-90.2600787,""Status"":""Delivered""}],""DeliveredWhen"":""2013-01-02T08:25:00"",""ReceivedBy"":""Elina Kaleja""}","Elina Kaleja","2013-01-02","Elina Kaleja,1357084800000,{""Event"":""Ready for collection"",""EventTime"":""2013-01-01T12:00:00"",""ConNote"":""EAN-125-1067""},{""Event"":""DeliveryAttempt"",""EventTime"":""2013-01-02T08:25:00"",""ConNote"":""EAN-125-1067"",""DriverID"":15,""Latitude"":29.3791112,""Longitude"":-90.2600787,""Status"":""Delivered""}"
"18","{""Events"": [{ ""Event"":""Ready for collection"",""EventTime"":""2013-01-01T12:00:00"",""ConNote"":""EAN-125-1068""},{ ""Event"":""DeliveryAttempt"",""EventTime"":""2013-01-02T08:30:00"",""ConNote"":""EAN-125-1068"",""DriverID"":15,""Latitude"":28.9685817,""Longitude"":-95.4552208,""Status"":""Delivered""}],""DeliveredWhen"":""2013-01-02T08:30:00"",""ReceivedBy"":""Seo-yun Paik""}","Seo-yun Paik","2013-01-02","Seo-yun Paik,1357084800000,{""Event"":""Ready for collection"",""EventTime"":""2013-01-01T12:00:00"",""ConNote"":""EAN-125-1068""},{""Event"":""DeliveryAttempt"",""EventTime"":""2013-01-02T08:30:00"",""ConNote"":""EAN-125-1068"",""DriverID"":15,""Latitude"":28.9685817,""Longitude"":-95.4552208,""Status"":""Delivered""}"
"19","{""Events"": [{ ""Event"":""Ready for collection"",""EventTime"":""2013-01-01T12:00:00"",""ConNote"":""EAN-125-1069""},{ ""Event"":""DeliveryAttempt"",""EventTime"":""2013-01-02T08:35:00"",""ConNote"":""EAN-125-1069"",""DriverID"":15,""Latitude"":39.3034346,""Longitude"":-77.9827756,""Comment"":""Receiver not present""}],""DeliveredWhen"":""2013-01-02T08:35:00"",""ReceivedBy"":""Kumar Kamei""}","Kumar Kamei","2013-01-02","Kumar Kamei,1357084800000,{""Event"":""Ready for collection"",""EventTime"":""2013-01-01T12:00:00"",""ConNote"":""EAN-125-1069""},{""Event"":""DeliveryAttempt"",""EventTime"":""2013-01-02T08:35:00"",""ConNote"":""EAN-125-1069"",""DriverID"":15,""Latitude"":39.3034346,""Longitude"":-77.9827756,""Comment"":""Receiver not present""}"
"20","{""Events"": [{ ""Event"":""Ready for collection"",""EventTime"":""2013-01-01T12:00:00"",""ConNote"":""EAN-125-1070""},{ ""Event"":""DeliveryAttempt"",""EventTime"":""2013-01-02T08:40:00"",""ConNote"":""EAN-125-1070"",""DriverID"":15,""Latitude"":39.0350000,""Longitude"":-87.0530000,""Status"":""Delivered""}],""DeliveredWhen"":""2013-01-02T08:40:00"",""ReceivedBy"":""Anindya Ghatak""}","Anindya Ghatak","2013-01-02","Anindya Ghatak,1357084800000,{""Event"":""Ready for collection"",""EventTime"":""2013-01-01T12:00:00"",""ConNote"":""EAN-125-1070""},{""Event"":""DeliveryAttempt"",""EventTime"":""2013-01-02T08:40:00"",""ConNote"":""EAN-125-1070"",""DriverID"":15,""Latitude"":39.035,""Longitude"":-87.053,""Status"":""Delivered""}"
"21","{""Events"": [{ ""Event"":""Ready for collection"",""EventTime"":""2013-01-01T12:00:00"",""ConNote"":""EAN-125-1071""},{ ""Event"":""DeliveryAttempt"",""EventTime"":""2013-01-02T08:45:00"",""ConNote"":""EAN-125-1071"",""DriverID"":15,""Latitude"":41.5964825,""Longitude"":-73.9109700,""Status"":""Delivered""}],""DeliveredWhen"":""2013-01-02T08:45:00"",""ReceivedBy"":""Raju Atluri""}","Raju Atluri","2013-01-02","Raju Atluri,1357084800000,{""Event"":""Ready for collection"",""EventTime"":""2013-01-01T12:00:00"",""ConNote"":""EAN-125-1071""},{""Event"":""DeliveryAttempt"",""EventTime"":""2013-01-02T08:45:00"",""ConNote"":""EAN-125-1071"",""DriverID"":15,""Latitude"":41.5964825,""Longitude"":-73.91097,""Status"":""Delivered""}"
"22","{""Events"": [{ ""Event"":""Ready for collection"",""EventTime"":""2013-01-01T12:00:00"",""ConNote"":""EAN-125-1072""},{ ""Event"":""DeliveryAttempt"",""EventTime"":""2013-01-02T08:50:00"",""ConNote"":""EAN-125-1072"",""DriverID"":15,""Latitude"":27.2164329,""Longitude"":-98.0644475,""Status"":""Delivered""}],""DeliveredWhen"":""2013-01-02T08:50:00"",""ReceivedBy"":""Olya Izmaylov""}","Olya Izmaylov","2013-01-02","Olya Izmaylov,1357084800000,{""Event"":""Ready for collection"",""EventTime"":""2013-01-01T12:00:00"",""ConNote"":""EAN-125-1072""},{""Event"":""DeliveryAttempt"",""EventTime"":""2013-01-02T08:50:00"",""ConNote"":""EAN-125-1072"",""DriverID"":15,""Latitude"":27.2164329,""Longitude"":-98.0644475,""Status"":""Delivered""}"
"23","{""Events"": [{ ""Event"":""Ready for collection"",""EventTime"":""2013-01-01T12:00:00"",""ConNote"":""EAN-125-1073""},{ ""Event"":""DeliveryAttempt"",""EventTime"":""2013-01-02T08:55:00"",""ConNote"":""EAN-125-1073"",""DriverID"":15,""Latitude"":41.2459149,""Longitude"":-75.8813075,""Status"":""Delivered""}],""DeliveredWhen"":""2013-01-02T08:55:00"",""ReceivedBy"":""Sara Charlton""}","Sara Charlton","2013-01-02","Sara Charlton,1357084800000,{""Event"":""Ready for collection"",""EventTime"":""2013-01-01T12:00:00"",""ConNote"":""EAN-125-1073""},{""Event"":""DeliveryAttempt"",""EventTime"":""2013-01-02T08:55:00"",""ConNote"":""EAN-125-1073"",""DriverID"":15,""Latitude"":41.2459149,""Longitude"":-75.8813075,""Status"":""Delivered""}"
"24","{""Events"": [{ ""Event"":""Ready for collection"",""EventTime"":""2013-01-01T12:00:00"",""ConNote"":""EAN-125-1074""},{ ""Event"":""DeliveryAttempt"",""EventTime"":""2013-01-02T09:00:00"",""ConNote"":""EAN-125-1074"",""DriverID"":15,""Latitude"":35.1725399,""Longitude"":-107.3689356,""Status"":""Delivered""}],""DeliveredWhen"":""2013-01-02T09:00:00"",""ReceivedBy"":""Hana Hlouskova""}","Hana Hlouskova","2013-01-02","Hana Hlouskova,1357084800000,{""Event"":""Ready for collection"",""EventTime"":""2013-01-01T12:00:00"",""ConNote"":""EAN-125-1074""},{""Event"":""DeliveryAttempt"",""EventTime"":""2013-01-02T09:00:00"",""ConNote"":""EAN-125-1074"",""DriverID"":15,""Latitude"":35.1725399,""Longitude"":-107.3689356,""Status"":""Delivered""}"
"25","{""Events"": [{ ""Event"":""Ready for collection"",""EventTime"":""2013-01-01T12:00:00"",""ConNote"":""EAN-125-1075""},{ ""Event"":""DeliveryAttempt"",""EventTime"":""2013-01-02T09:05:00"",""ConNote"":""EAN-125-1075"",""DriverID"":15,""Latitude"":34.1092876,""Longitude"":-82.2492911,""Status"":""Delivered""}],""DeliveredWhen"":""2013-01-02T09:05:00"",""ReceivedBy"":""Vitezslav Holy""}","Vitezslav Holy","2013-01-02","Vitezslav Holy,1357084800000,{""Event"":""Ready for collection"",""EventTime"":""2013-01-01T12:00:00"",""ConNote"":""EAN-125-1075""},{""Event"":""DeliveryAttempt"",""EventTime"":""2013-01-02T09:05:00"",""ConNote"":""EAN-125-1075"",""DriverID"":15,""Latitude"":34.1092876,""Longitude"":-82.2492911,""Status"":""Delivered""}"
"26","{""Events"": [{ ""Event"":""Ready for collection"",""EventTime"":""2013-01-01T12:00:00"",""ConNote"":""EAN-125-1076""},{ ""Event"":""DeliveryAttempt"",""EventTime"":""2013-01-02T09:10:00"",""ConNote"":""EAN-125-1076"",""DriverID"":15,""Latitude"":34.7787300,""Longitude"":-82.3101190,""Comment"":""Receiver not present""}],""DeliveredWhen"":""2013-01-02T09:10:00"",""ReceivedBy"":""Am Lo""}","Am Lo","2013-01-02","Am Lo,1357084800000,{""Event"":""Ready for collection"",""EventTime"":""2013-01-01T12:00:00"",""ConNote"":""EAN-125-1076""},{""Event"":""DeliveryAttempt"",""EventTime"":""2013-01-02T09:10:00"",""ConNote"":""EAN-125-1076"",""DriverID"":15,""Latitude"":34.77873,""Longitude"":-82.310119,""Comment"":""Receiver not present""}"
"27","{""Events"": [{ ""Event"":""Ready for collection"",""EventTime"":""2013-01-01T12:00:00"",""ConNote"":""EAN-125-1077""},{ ""Event"":""DeliveryAttempt"",""EventTime"":""2013-01-02T09:15:00"",""ConNote"":""EAN-125-1077"",""DriverID"":15,""Latitude"":40.8759325,""Longitude"":-74.5423796,""Status"":""Delivered""}],""DeliveredWhen"":""2013-01-02T09:15:00"",""ReceivedBy"":""Aakarsha Nookala""}","Aakarsha Nookala","2013-01-02","Aakarsha Nookala,1357084800000,{""Event"":""Ready for collection"",""EventTime"":""2013-01-01T12:00:00"",""ConNote"":""EAN-125-1077""},{""Event"":""DeliveryAttempt"",""EventTime"":""2013-01-02T09:15:00"",""ConNote"":""EAN-125-1077"",""DriverID"":15,""Latitude"":40.8759325,""Longitude"":-74.5423796,""Status"":""Delivered""}"
"28","{""Events"": [{ ""Event"":""Ready for collection"",""EventTime"":""2013-01-01T12:00:00"",""ConNote"":""EAN-125-1078""},{ ""Event"":""DeliveryAttempt"",""EventTime"":""2013-01-02T09:20:00"",""ConNote"":""EAN-125-1078"",""DriverID"":15,""Latitude"":43.4710944,""Longitude"":-89.7442907,""Status"":""Delivered""}],""DeliveredWhen"":""2013-01-02T09:20:00"",""ReceivedBy"":""Marcella Napolitani""}","Marcella Napolitani","2013-01-02","Marcella Napolitani,1357084800000,{""Event"":""Ready for collection"",""EventTime"":""2013-01-01T12:00:00"",""ConNote"":""EAN-125-1078""},{""Event"":""DeliveryAttempt"",""EventTime"":""2013-01-02T09:20:00"",""ConNote"":""EAN-125-1078"",""DriverID"":15,""Latitude"":43.4710944,""Longitude"":-89.7442907,""Status"":""Delivered""}"
"29","{""Events"": [{ ""Event"":""Ready for collection"",""EventTime"":""2013-01-01T12:00:00"",""ConNote"":""EAN-125-1079""},{ ""Event"":""DeliveryAttempt"",""EventTime"":""2013-01-02T09:25:00"",""ConNote"":""EAN-125-1079"",""DriverID"":15,""Latitude"":34.6391501,""Longitude"":-120.4579409,""Comment"":""Receiver not present""}],""DeliveredWhen"":""2013-01-02T09:25:00"",""ReceivedBy"":""Lakshmi Benipal""}","Lakshmi Benipal","2013-01-02","Lakshmi Benipal,1357084800000,{""Event"":""Ready for collection"",""EventTime"":""2013-01-01T12:00:00"",""ConNote"":""EAN-125-1079""},{""Event"":""DeliveryAttempt"",""EventTime"":""2013-01-02T09:25:00"",""ConNote"":""EAN-125-1079"",""DriverID"":15,""Latitude"":34.6391501,""Longitude"":-120.4579409,""Comment"":""Receiver not present""}"
"30","{""Events"": [{ ""Event"":""Ready for collection"",""EventTime"":""2013-01-01T12:00:00"",""ConNote"":""EAN-125-1080""},{ ""Event"":""DeliveryAttempt"",""EventTime"":""2013-01-02T09:30:00"",""ConNote"":""EAN-125-1080"",""DriverID"":15,""Latitude"":40.8042239,""Longitude"":-82.1957120,""Status"":""Delivered""}],""DeliveredWhen"":""2013-01-02T09:30:00"",""ReceivedBy"":""Severins Polis""}","Severins Polis","2013-01-02","Severins Polis,1357084800000,{""Event"":""Ready for collection"",""EventTime"":""2013-01-01T12:00:00"",""ConNote"":""EAN-125-1080""},{""Event"":""DeliveryAttempt"",""EventTime"":""2013-01-02T09:30:00"",""ConNote"":""EAN-125-1080"",""DriverID"":15,""Latitude"":40.8042239,""Longitude"":-82.195712,""Status"":""Delivered""}"
"31","{""Events"": [{ ""Event"":""Ready for collection"",""EventTime"":""2013-01-01T12:00:00"",""ConNote"":""EAN-125-1081""},{ ""Event"":""DeliveryAttempt"",""EventTime"":""2013-01-02T09:35:00"",""ConNote"":""EAN-125-1081"",""DriverID"":15,""Latitude"":34.8778952,""Longitude"":-82.4240114,""Status"":""Delivered""}],""DeliveredWhen"":""2013-01-02T09:35:00"",""ReceivedBy"":""Coralie Emond""}","Coralie Emond","2013-01-02","Coralie Emond,1357084800000,{""Event"":""Ready for collection"",""EventTime"":""2013-01-01T12:00:00"",""ConNote"":""EAN-125-1081""},{""Event"":""DeliveryAttempt"",""EventTime"":""2013-01-02T09:35:00"",""ConNote"":""EAN-125-1081"",""DriverID"":15,""Latitude"":34.8778952,""Longitude"":-82.4240114,""Status"":""Delivered""}"
"32","{""Events"": [{ ""Event"":""Ready for collection"",""EventTime"":""2013-01-01T12:00:00"",""ConNote"":""EAN-125-1082""},{ ""Event"":""DeliveryAttempt"",""EventTime"":""2013-01-02T09:40:00"",""ConNote"":""EAN-125-1082"",""DriverID"":15,""Latitude"":29.8682764,""Longitude"":-94.8327007,""Comment"":""Receiver not present""}],""DeliveredWhen"":""2013-01-02T09:40:00"",""ReceivedBy"":""Surendra Sahu""}","Surendra Sahu","2013-01-02","Surendra Sahu,1357084800000,{""Event"":""Ready for collection"",""EventTime"":""2013-01-01T12:00:00"",""ConNote"":""EAN-125-1082""},{""Event"":""DeliveryAttempt"",""EventTime"":""2013-01-02T09:40:00"",""ConNote"":""EAN-125-1082"",""DriverID"":15,""Latitude"":29.8682764,""Longitude"":-94.8327007,""Comment"":""Receiver not present""}"
"33","{""Events"": [{ ""Event"":""Ready for collection"",""EventTime"":""2013-01-01T12:00:00"",""ConNote"":""EAN-125-1083""},{ ""Event"":""DeliveryAttempt"",""EventTime"":""2013-01-02T09:45:00"",""ConNote"":""EAN-125-1083"",""DriverID"":15,""Latitude"":47.1697143,""Longitude"":-98.4598177,""Status"":""Delivered""}],""DeliveredWhen"":""2013-01-02T09:45:00"",""ReceivedBy"":""Siddhartha Parkar""}","Siddhartha Parkar","2013-01-02","Siddhartha Parkar,1357084800000,{""Event"":""Ready for collection"",""EventTime"":""2013-01-01T12:00:00"",""ConNote"":""EAN-125-1083""},{""Event"":""DeliveryAttempt"",""EventTime"":""2013-01-02T09:45:00"",""ConNote"":""EAN-125-1083"",""DriverID"":15,""Latitude"":47.1697143,""Longitude"":-98.4598177,""Status"":""Delivered""}"
"34","{""Events"": [{ ""Event"":""Ready for collection"",""EventTime"":""2013-01-01T12:00:00"",""ConNote"":""EAN-125-1084""},{ ""Event"":""DeliveryAttempt"",""EventTime"":""2013-01-02T09:50:00"",""ConNote"":""EAN-125-1084"",""DriverID"":15,""Latitude"":44.9264337,""Longitude"":-74.0796081,""Status"":""Delivered""}],""DeliveredWhen"":""2013-01-02T09:50:00"",""ReceivedBy"":""Lana Goransson""}","Lana Goransson","2013-01-02","Lana Goransson,1357084800000,{""Event"":""Ready for collection"",""EventTime"":""2013-01-01T12:00:00"",""ConNote"":""EAN-125-1084""},{""Event"":""DeliveryAttempt"",""EventTime"":""2013-01-02T09:50:00"",""ConNote"":""EAN-125-1084"",""DriverID"":15,""Latitude"":44.9264337,""Longitude"":-74.0796081,""Status"":""Delivered""}"
"35","{""Events"": [{ ""Event"":""Ready for collection"",""EventTime"":""2013-01-01T12:00:00"",""ConNote"":""EAN-125-1085""},{ ""Event"":""DeliveryAttempt"",""EventTime"":""2013-01-02T09:55:00"",""ConNote"":""EAN-125-1085"",""DriverID"":15,""Latitude"":18.0597925,""Longitude"":-65.9092860,""Status"":""Delivered""}],""DeliveredWhen"":""2013-01-02T09:55:00"",""ReceivedBy"":""Selma Seppanen""}","Selma Seppanen","2013-01-02","Selma Seppanen,1357084800000,{""Event"":""Ready for collection"",""EventTime"":""2013-01-01T12:00:00"",""ConNote"":""EAN-125-1085""},{""Event"":""DeliveryAttempt"",""EventTime"":""2013-01-02T09:55:00"",""ConNote"":""EAN-125-1085"",""DriverID"":15,""Latitude"":18.0597925,""Longitude"":-65.909286,""Status"":""Delivered""}"
"36","{""Events"": [{ ""Event"":""Ready for collection"",""EventTime"":""2013-01-01T12:00:00"",""ConNote"":""EAN-125-1086""},{ ""Event"":""DeliveryAttempt"",""EventTime"":""2013-01-02T10:00:00"",""ConNote"":""EAN-125-1086"",""DriverID"":15,""Latitude"":47.8856515,""Longitude"":-122.3051342,""Status"":""Delivered""}],""DeliveredWhen"":""2013-01-02T10:00:00"",""ReceivedBy"":""Sumati Bhat""}","Sumati Bhat","2013-01-02","Sumati Bhat,1357084800000,{""Event"":""Ready for collection"",""EventTime"":""2013-01-01T12:00:00"",""ConNote"":""EAN-125-1086""},{""Event"":""DeliveryAttempt"",""EventTime"":""2013-01-02T10:00:00"",""ConNote"":""EAN-125-1086"",""DriverID"":15,""Latitude"":47.8856515,""Longitude"":-122.3051342,""Status"":""Delivered""}"
"37","{""Events"": [{ ""Event"":""Ready for collection"",""EventTime"":""2013-01-01T12:00:00"",""ConNote"":""EAN-125-1087""},{ ""Event"":""DeliveryAttempt"",""EventTime"":""2013-01-02T10:05:00"",""ConNote"":""EAN-125-1087"",""DriverID"":15,""Latitude"":44.8738805,""Longitude"":-88.1428798,""Comment"":""Receiver not present""}],""DeliveredWhen"":""2013-01-02T10:05:00"",""ReceivedBy"":""Kumar Naicker""}","Kumar Naicker","2013-01-02","Kumar Naicker,1357084800000,{""Event"":""Ready for collection"",""EventTime"":""2013-01-01T12:00:00"",""ConNote"":""EAN-125-1087""},{""Event"":""DeliveryAttempt"",""EventTime"":""2013-01-02T10:05:00"",""ConNote"":""EAN-125-1087"",""DriverID"":15,""Latitude"":44.8738805,""Longitude"":-88.1428798,""Comment"":""Receiver not present""}"
"38","{""Events"": [{ ""Event"":""Ready for collection"",""EventTime"":""2013-01-01T12:00:00"",""ConNote"":""EAN-125-1088""},{ ""Event"":""DeliveryAttempt"",""EventTime"":""2013-01-02T10:10:00"",""ConNote"":""EAN-125-1088"",""DriverID"":15,""Latitude"":29.3791112,""Longitude"":-90.2600787,""Status"":""Delivered""}],""DeliveredWhen"":""2013-01-02T10:10:00"",""ReceivedBy"":""Elina Kaleja""}","Elina Kaleja","2013-01-02","Elina Kaleja,1357084800000,{""Event"":""Ready for collection"",""EventTime"":""2013-01-01T12:00:00"",""ConNote"":""EAN-125-1088""},{""Event"":""DeliveryAttempt"",""EventTime"":""2013-01-02T10:10:00"",""ConNote"":""EAN-125-1088"",""DriverID"":15,""Latitude"":29.3791112,""Longitude"":-90.2600787,""Status"":""Delivered""}"
"39","{""Events"": [{ ""Event"":""Ready for collection"",""EventTime"":""2013-01-01T12:00:00"",""ConNote"":""EAN-125-1089""},{ ""Event"":""DeliveryAttempt"",""EventTime"":""2013-01-02T10:15:00"",""ConNote"":""EAN-125-1089"",""DriverID"":15,""Latitude"":41.1216623,""Longitude"":-93.7249413,""Comment"":""Receiver not present""}],""DeliveredWhen"":""2013-01-02T10:15:00"",""ReceivedBy"":""Mina Bagheri""}","Mina Bagheri","2013-01-02","Mina Bagheri,1357084800000,{""Event"":""Ready for collection"",""EventTime"":""2013-01-01T12:00:00"",""ConNote"":""EAN-125-1089""},{""Event"":""DeliveryAttempt"",""EventTime"":""2013-01-02T10:15:00"",""ConNote"":""EAN-125-1089"",""DriverID"":15,""Latitude"":41.1216623,""Longitude"":-93.7249413,""Comment"":""Receiver not present""}"
"40","{""Events"": [{ ""Event"":""Ready for collection"",""EventTime"":""2013-01-01T12:00:00"",""ConNote"":""EAN-125-1090""},{ ""Event"":""DeliveryAttempt"",""EventTime"":""2013-01-02T10:20:00"",""ConNote"":""EAN-125-1090"",""DriverID"":15,""Latitude"":36.4970385,""Longitude"":-99.9866880,""Status"":""Delivered""}],""DeliveredWhen"":""2013-01-02T10:20:00"",""ReceivedBy"":""Krishnam Allu""}","Krishnam Allu","2013-01-02","Krishnam Allu,1357084800000,{""Event"":""Ready for collection"",""EventTime"":""2013-01-01T12:00:00"",""ConNote"":""EAN-125-1090""},{""Event"":""DeliveryAttempt"",""EventTime"":""2013-01-02T10:20:00"",""ConNote"":""EAN-125-1090"",""DriverID"":15,""Latitude"":36.4970385,""Longitude"":-99.986688,""Status"":""Delivered""}"
"41","{""Events"": [{ ""Event"":""Ready for collection"",""EventTime"":""2013-01-01T12:00:00"",""ConNote"":""EAN-125-1091""},{ ""Event"":""DeliveryAttempt"",""EventTime"":""2013-01-02T10:25:00"",""ConNote"":""EAN-125-1091"",""DriverID"":15,""Latitude"":33.7167949,""Longitude"":-82.4398499,""Status"":""Delivered""}],""DeliveredWhen"":""2013-01-02T10:25:00"",""ReceivedBy"":""Maurice English""}","Maurice English","2013-01-02","Maurice English,1357084800000,{""Event"":""Ready for collection"",""EventTime"":""2013-01-01T12:00:00"",""ConNote"":""EAN-125-1091""},{""Event"":""DeliveryAttempt"",""EventTime"":""2013-01-02T10:25:00"",""ConNote"":""EAN-125-1091"",""DriverID"":15,""Latitude"":33.7167949,""Longitude"":-82.4398499,""Status"":""Delivered""}"
"42","{""Events"": [{ ""Event"":""Ready for collection"",""EventTime"":""2013-01-02T12:00:00"",""ConNote"":""EAN-125-1092""},{ ""Event"":""DeliveryAttempt"",""EventTime"":""2013-01-03T07:05:00"",""ConNote"":""EAN-125-1092"",""DriverID"":17,""Latitude"":38.7750070,""Longitude"":-95.1863603,""Status"":""Delivered""}],""DeliveredWhen"":""2013-01-03T07:05:00"",""ReceivedBy"":""Aamdaal Kamasamudram""}","Aamdaal Kamasamudram","2013-01-03","Aamdaal Kamasamudram,1357171200000,{""Event"":""Ready for collection"",""EventTime"":""2013-01-02T12:00:00"",""ConNote"":""EAN-125-1092""},{""Event"":""DeliveryAttempt"",""EventTime"":""2013-01-03T07:05:00"",""ConNote"":""EAN-125-1092"",""DriverID"":17,""Latitude"":38.775007,""Longitude"":-95.1863603,""Status"":""Delivered""}"
"43","{""Events"": [{ ""Event"":""Ready for collection"",""EventTime"":""2013-01-02T12:00:00"",""ConNote"":""EAN-125-1093""},{ ""Event"":""DeliveryAttempt"",""EventTime"":""2013-01-03T07:10:00"",""ConNote"":""EAN-125-1093"",""DriverID"":17,""Latitude"":35.3058311,""Longitude"":-94.7897384,""Status"":""Delivered""}],""DeliveredWhen"":""2013-01-03T07:10:00"",""ReceivedBy"":""Daedeepya Thota""}","Daedeepya Thota","2013-01-03","Daedeepya Thota,1357171200000,{""Event"":""Ready for collection"",""EventTime"":""2013-01-02T12:00:00"",""ConNote"":""EAN-125-1093""},{""Event"":""DeliveryAttempt"",""EventTime"":""2013-01-03T07:10:00"",""ConNote"":""EAN-125-1093"",""DriverID"":17,""Latitude"":35.3058311,""Longitude"":-94.7897384,""Status"":""Delivered""}"
"44","{""Events"": [{ ""Event"":""Ready for collection"",""EventTime"":""2013-01-02T12:00:00"",""ConNote"":""EAN-125-1094""},{ ""Event"":""DeliveryAttempt"",""EventTime"":""2013-01-03T07:15:00"",""ConNote"":""EAN-125-1094"",""DriverID"":17,""Latitude"":40.8728411,""Longitude"":-78.7241960,""Status"":""Delivered""}],""DeliveredWhen"":""2013-01-03T07:15:00"",""ReceivedBy"":""Pongrit Srisati""}","Pongrit Srisati","2013-01-03","Pongrit Srisati,1357171200000,{""Event"":""Ready for collection"",""EventTime"":""2013-01-02T12:00:00"",""ConNote"":""EAN-125-1094""},{""Event"":""DeliveryAttempt"",""EventTime"":""2013-01-03T07:15:00"",""ConNote"":""EAN-125-1094"",""DriverID"":17,""Latitude"":40.8728411,""Longitude"":-78.724196,""Status"":""Delivered""}"
"45","{""Events"": [{ ""Event"":""Ready for collection"",""EventTime"":""2013-01-02T12:00:00"",""ConNote"":""EAN-125-1095""},{ ""Event"":""DeliveryAttempt"",""EventTime"":""2013-01-03T07:20:00"",""ConNote"":""EAN-125-1095"",""DriverID"":17,""Latitude"":41.3617214,""Longitude"":-81.4695602,""Status"":""Delivered""}],""DeliveredWhen"":""2013-01-03T07:20:00"",""ReceivedBy"":""Aakriti Byrraju""}","Aakriti Byrraju","2013-01-03","Aakriti Byrraju,1357171200000,{""Event"":""Ready for collection"",""EventTime"":""2013-01-02T12:00:00"",""ConNote"":""EAN-125-1095""},{""Event"":""DeliveryAttempt"",""EventTime"":""2013-01-03T07:20:00"",""ConNote"":""EAN-125-1095"",""DriverID"":17,""Latitude"":41.3617214,""Longitude"":-81.4695602,""Status"":""Delivered""}"
"46","{""Events"": [{ ""Event"":""Ready for collection"",""EventTime"":""2013-01-02T12:00:00"",""ConNote"":""EAN-125-1096""},{ ""Event"":""DeliveryAttempt"",""EventTime"":""2013-01-03T07:25:00"",""ConNote"":""EAN-125-1096"",""DriverID"":17,""Latitude"":40.8657308,""Longitude"":-120.4602262,""Status"":""Delivered""}],""DeliveredWhen"":""2013-01-03T07:25:00"",""ReceivedBy"":""Bala Dixit""}","Bala Dixit","2013-01-03","Bala Dixit,1357171200000,{""Event"":""Ready for collection"",""EventTime"":""2013-01-02T12:00:00"",""ConNote"":""EAN-125-1096""},{""Event"":""DeliveryAttempt"",""EventTime"":""2013-01-03T07:25:00"",""ConNote"":""EAN-125-1096"",""DriverID"":17,""Latitude"":40.8657308,""Longitude"":-120.4602262,""Status"":""Delivered""}"
"47","{""Events"": [{ ""Event"":""Ready for collection"",""EventTime"":""2013-01-02T12:00:00"",""ConNote"":""EAN-125-1097""},{ ""Event"":""DeliveryAttempt"",""EventTime"":""2013-01-03T07:30:00"",""ConNote"":""EAN-125-1097"",""DriverID"":17,""Latitude"":33.4848451,""Longitude"":-89.3606259,""Status"":""Delivered""}],""DeliveredWhen"":""2013-01-03T07:30:00"",""ReceivedBy"":""Sung-Hwan Hwang""}","Sung-Hwan Hwang","2013-01-03","Sung-Hwan Hwang,1357171200000,{""Event"":""Ready for collection"",""EventTime"":""2013-01-02T12:00:00"",""ConNote"":""EAN-125-1097""},{""Event"":""DeliveryAttempt"",""EventTime"":""2013-01-03T07:30:00"",""ConNote"":""EAN-125-1097"",""DriverID"":17,""Latitude"":33.4848451,""Longitude"":-89.3606259,""Status"":""Delivered""}"
"48","{""Events"": [{ ""Event"":""Ready for collection"",""EventTime"":""2013-01-02T12:00:00"",""ConNote"":""EAN-125-1098""},{ ""Event"":""DeliveryAttempt"",""EventTime"":""2013-01-03T07:35:00"",""ConNote"":""EAN-125-1098"",""DriverID"":17,""Latitude"":45.7849627,""Longitude"":-93.5569028,""Status"":""Delivered""}],""DeliveredWhen"":""2013-01-03T07:35:00"",""ReceivedBy"":""Sara Huiting""}","Sara Huiting","2013-01-03","Sara Huiting,1357171200000,{""Event"":""Ready for collection"",""EventTime"":""2013-01-02T12:00:00"",""ConNote"":""EAN-125-1098""},{""Event"":""DeliveryAttempt"",""EventTime"":""2013-01-03T07:35:00"",""ConNote"":""EAN-125-1098"",""DriverID"":17,""Latitude"":45.7849627,""Longitude"":-93.5569028,""Status"":""Delivered""}"
"49","{""Events"": [{ ""Event"":""Ready for collection"",""EventTime"":""2013-01-02T12:00:00"",""ConNote"":""EAN-125-1099""},{ ""Event"":""DeliveryAttempt"",""EventTime"":""2013-01-03T07:40:00"",""ConNote"":""EAN-125-1099"",""DriverID"":17,""Latitude"":42.5422939,""Longitude"":-76.6660589,""Status"":""Delivered""}],""DeliveredWhen"":""2013-01-03T07:40:00"",""ReceivedBy"":""Dattaatraeya Tottempudi""}","Dattaatraeya Tottempudi","2013-01-03","Dattaatraeya Tottempudi,1357171200000,{""Event"":""Ready for collection"",""EventTime"":""2013-01-02T12:00:00"",""ConNote"":""EAN-125-1099""},{""Event"":""DeliveryAttempt"",""EventTime"":""2013-01-03T07:40:00"",""ConNote"":""EAN-125-1099"",""DriverID"":17,""Latitude"":42.5422939,""Longitude"":-76.6660589,""Status"":""Delivered""}"
"50","{""Events"": [{ ""Event"":""Ready for collection"",""EventTime"":""2013-01-02T12:00:00"",""ConNote"":""EAN-125-1100""},{ ""Event"":""DeliveryAttempt"",""EventTime"":""2013-01-03T07:45:00"",""ConNote"":""EAN-125-1100"",""DriverID"":17,""Latitude"":28.4624986,""Longitude"":-82.1948076,""Status"":""Delivered""}],""DeliveredWhen"":""2013-01-03T07:45:00"",""ReceivedBy"":""Ingrida Zeltina""}","Ingrida Zeltina","2013-01-03","Ingrida Zeltina,1357171200000,{""Event"":""Ready for collection"",""EventTime"":""2013-01-02T12:00:00"",""ConNote"":""EAN-125-1100""},{""Event"":""DeliveryAttempt"",""EventTime"":""2013-01-03T07:45:00"",""ConNote"":""EAN-125-1100"",""DriverID"":17,""Latitude"":28.4624986,""Longitude"":-82.1948076,""Status"":""Delivered""}"
"51","{""Events"": [{ ""Event"":""Ready for collection"",""EventTime"":""2013-01-02T12:00:00"",""ConNote"":""EAN-125-1101""},{ ""Event"":""DeliveryAttempt"",""EventTime"":""2013-01-03T07:50:00"",""ConNote"":""EAN-125-1101"",""DriverID"":17,""Latitude"":30.9913064,""Longitude"":-83.3726575,""Status"":""Delivered""}],""DeliveredWhen"":""2013-01-03T07:50:00"",""ReceivedBy"":""Airi Vassiljev""}","Airi Vassiljev","2013-01-03","Airi Vassiljev,1357171200000,{""Event"":""Ready for collection"",""EventTime"":""2013-01-02T12:00:00"",""ConNote"":""EAN-125-1101""},{""Event"":""DeliveryAttempt"",""EventTime"":""2013-01-03T07:50:00"",""ConNote"":""EAN-125-1101"",""DriverID"":17,""Latitude"":30.9913064,""Longitude"":-83.3726575,""Status"":""Delivered""}"
"52","{""Events"": [{ ""Event"":""Ready for collection"",""EventTime"":""2013-01-02T12:00:00"",""ConNote"":""EAN-125-1102""},{ ""Event"":""DeliveryAttempt"",""EventTime"":""2013-01-03T07:55:00"",""ConNote"":""EAN-125-1102"",""DriverID"":17,""Latitude"":33.1865071,""Longitude"":-84.2113095,""Status"":""Delivered""}],""DeliveredWhen"":""2013-01-03T07:55:00"",""ReceivedBy"":""Ester Ahmadian""}","Ester Ahmadian","2013-01-03","Ester Ahmadian,1357171200000,{""Event"":""Ready for collection"",""EventTime"":""2013-01-02T12:00:00"",""ConNote"":""EAN-125-1102""},{""Event"":""DeliveryAttempt"",""EventTime"":""2013-01-03T07:55:00"",""ConNote"":""EAN-125-1102"",""DriverID"":17,""Latitude"":33.1865071,""Longitude"":-84.2113095,""Status"":""Delivered""}"
"53","{""Events"": [{ ""Event"":""Ready for collection"",""EventTime"":""2013-01-02T12:00:00"",""ConNote"":""EAN-125-1103""},{ ""Event"":""DeliveryAttempt"",""EventTime"":""2013-01-03T08:00:00"",""ConNote"":""EAN-125-1103"",""DriverID"":17,""Latitude"":29.1924772,""Longitude"":-81.9173071,""Status"":""Delivered""}],""DeliveredWhen"":""2013-01-03T08:00:00"",""ReceivedBy"":""Anete Kundzina""}","Anete Kundzina","2013-01-03","Anete Kundzina,1357171200000,{""Event"":""Ready for collection"",""EventTime"":""2013-01-02T12:00:00"",""ConNote"":""EAN-125-1103""},{""Event"":""DeliveryAttempt"",""EventTime"":""2013-01-03T08:00:00"",""ConNote"":""EAN-125-1103"",""DriverID"":17,""Latitude"":29.1924772,""Longitude"":-81.9173071,""Status"":""Delivered""}"
"54","{""Events"": [{ ""Event"":""Ready for collection"",""EventTime"":""2013-01-02T12:00:00"",""ConNote"":""EAN-125-1104""},{ ""Event"":""DeliveryAttempt"",""EventTime"":""2013-01-03T08:05:00"",""ConNote"":""EAN-125-1104"",""DriverID"":17,""Latitude"":32.8706936,""Longitude"":-83.4887852,""Status"":""Delivered""}],""DeliveredWhen"":""2013-01-03T08:05:00"",""ReceivedBy"":""Seo-yeon Rim""}","Seo-yeon Rim","2013-01-03","Seo-yeon Rim,1357171200000,{""Event"":""Ready for collection"",""EventTime"":""2013-01-02T12:00:00"",""ConNote"":""EAN-125-1104""},{""Event"":""DeliveryAttempt"",""EventTime"":""2013-01-03T08:05:00"",""ConNote"":""EAN-125-1104"",""DriverID"":17,""Latitude"":32.8706936,""Longitude"":-83.4887852,""Status"":""Delivered""}"
"55","{""Events"": [{ ""Event"":""Ready for collection"",""EventTime"":""2013-01-02T12:00:00"",""ConNote"":""EAN-125-1105""},{ ""Event"":""DeliveryAttempt"",""EventTime"":""2013-01-03T08:10:00"",""ConNote"":""EAN-125-1105"",""DriverID"":17,""Latitude"":39.3946303,""Longitude"":-120.0213080,""Status"":""Delivered""}],""DeliveredWhen"":""2013-01-03T08:10:00"",""ReceivedBy"":""Doru Munteanu""}","Doru Munteanu","2013-01-03","Doru Munteanu,1357171200000,{""Event"":""Ready for collection"",""EventTime"":""2013-01-02T12:00:00"",""ConNote"":""EAN-125-1105""},{""Event"":""DeliveryAttempt"",""EventTime"":""2013-01-03T08:10:00"",""ConNote"":""EAN-125-1105"",""DriverID"":17,""Latitude"":39.3946303,""Longitude"":-120.021308,""Status"":""Delivered""}"
"56","{""Events"": [{ ""Event"":""Ready for collection"",""EventTime"":""2013-01-02T12:00:00"",""ConNote"":""EAN-125-1106""},{ ""Event"":""DeliveryAttempt"",""EventTime"":""2013-01-03T08:15:00"",""ConNote"":""EAN-125-1106"",""DriverID"":17,""Latitude"":47.8528740,""Longitude"":-122.3334669,""Status"":""Delivered""}],""DeliveredWhen"":""2013-01-03T08:15:00"",""ReceivedBy"":""In-Su Bae""}","In-Su Bae","2013-01-03","In-Su Bae,1357171200000,{""Event"":""Ready for collection"",""EventTime"":""2013-01-02T12:00:00"",""ConNote"":""EAN-125-1106""},{""Event"":""DeliveryAttempt"",""EventTime"":""2013-01-03T08:15:00"",""ConNote"":""EAN-125-1106"",""DriverID"":17,""Latitude"":47.852874,""Longitude"":-122.3334669,""Status"":""Delivered""}"
"57","{""Events"": [{ ""Event"":""Ready for collection"",""EventTime"":""2013-01-02T12:00:00"",""ConNote"":""EAN-125-1107""},{ ""Event"":""DeliveryAttempt"",""EventTime"":""2013-01-03T08:20:00"",""ConNote"":""EAN-125-1107"",""DriverID"":17,""Latitude"":39.9342780,""Longitude"":-75.3901933,""Status"":""Delivered""}],""DeliveredWhen"":""2013-01-03T08:20:00"",""ReceivedBy"":""Lan Chu""}","Lan Chu","2013-01-03","Lan Chu,1357171200000,{""Event"":""Ready for collection"",""EventTime"":""2013-01-02T12:00:00"",""ConNote"":""EAN-125-1107""},{""Event"":""DeliveryAttempt"",""EventTime"":""2013-01-03T08:20:00"",""ConNote"":""EAN-125-1107"",""DriverID"":17,""Latitude"":39.934278,""Longitude"":-75.3901933,""Status"":""Delivered""}"
"58","{""Events"": [{ ""Event"":""Ready for collection"",""EventTime"":""2013-01-02T12:00:00"",""ConNote"":""EAN-125-1108""},{ ""Event"":""DeliveryAttempt"",""EventTime"":""2013-01-03T08:25:00"",""ConNote"":""EAN-125-1108"",""DriverID"":17,""Latitude"":29.3791112,""Longitude"":-90.2600787,""Status"":""Delivered""}],""DeliveredWhen"":""2013-01-03T08:25:00"",""ReceivedBy"":""Elina Kaleja""}","Elina Kaleja","2013-01-03","Elina Kaleja,1357171200000,{""Event"":""Ready for collection"",""EventTime"":""2013-01-02T12:00:00"",""ConNote"":""EAN-125-1108""},{""Event"":""DeliveryAttempt"",""EventTime"":""2013-01-03T08:25:00"",""ConNote"":""EAN-125-1108"",""DriverID"":17,""Latitude"":29.3791112,""Longitude"":-90.2600787,""Status"":""Delivered""}"
"59","{""Events"": [{ ""Event"":""Ready for collection"",""EventTime"":""2013-01-02T12:00:00"",""ConNote"":""EAN-125-1109""},{ ""Event"":""DeliveryAttempt"",""EventTime"":""2013-01-03T08:30:00"",""ConNote"":""EAN-125-1109"",""DriverID"":17,""Latitude"":28.9685817,""Longitude"":-95.4552208,""Status"":""Delivered""}],""DeliveredWhen"":""2013-01-03T08:30:00"",""ReceivedBy"":""Seo-yun Paik""}","Seo-yun Paik","2013-01-03","Seo-yun Paik,1357171200000,{""Event"":""Ready for collection"",""EventTime"":""2013-01-02T12:00:00"",""ConNote"":""EAN-125-1109""},{""Event"":""DeliveryAttempt"",""EventTime"":""2013-01-03T08:30:00"",""ConNote"":""EAN-125-1109"",""DriverID"":17,""Latitude"":28.9685817,""Longitude"":-95.4552208,""Status"":""Delivered""}"
"60","{""Events"": [{ ""Event"":""Ready for collection"",""EventTime"":""2013-01-02T12:00:00"",""ConNote"":""EAN-125-1110""},{ ""Event"":""DeliveryAttempt"",""EventTime"":""2013-01-03T08:35:00"",""ConNote"":""EAN-125-1110"",""DriverID"":17,""Latitude"":39.3034346,""Longitude"":-77.9827756,""Status"":""Delivered""}],""DeliveredWhen"":""2013-01-03T08:35:00"",""ReceivedBy"":""Kumar Kamei""}","Kumar Kamei","2013-01-03","Kumar Kamei,1357171200000,{""Event"":""Ready for collection"",""EventTime"":""2013-01-02T12:00:00"",""ConNote"":""EAN-125-1110""},{""Event"":""DeliveryAttempt"",""EventTime"":""2013-01-03T08:35:00"",""ConNote"":""EAN-125-1110"",""DriverID"":17,""Latitude"":39.3034346,""Longitude"":-77.9827756,""Status"":""Delivered""}"
"61","{""Events"": [{ ""Event"":""Ready for collection"",""EventTime"":""2013-01-02T12:00:00"",""ConNote"":""EAN-125-1111""},{ ""Event"":""DeliveryAttempt"",""EventTime"":""2013-01-03T08:40:00"",""ConNote"":""EAN-125-1111"",""DriverID"":17,""Latitude"":39.0350000,""Longitude"":-87.0530000,""Status"":""Delivered""}],""DeliveredWhen"":""2013-01-03T08:40:00"",""ReceivedBy"":""Anindya Ghatak""}","Anindya Ghatak","2013-01-03","Anindya Ghatak,1357171200000,{""Event"":""Ready for collection"",""EventTime"":""2013-01-02T12:00:00"",""ConNote"":""EAN-125-1111""},{""Event"":""DeliveryAttempt"",""EventTime"":""2013-01-03T08:40:00"",""ConNote"":""EAN-125-1111"",""DriverID"":17,""Latitude"":39.035,""Longitude"":-87.053,""Status"":""Delivered""}"
"62","{""Events"": [{ ""Event"":""Ready for collection"",""EventTime"":""2013-01-02T12:00:00"",""ConNote"":""EAN-125-1112""},{ ""Event"":""DeliveryAttempt"",""EventTime"":""2013-01-03T08:45:00"",""ConNote"":""EAN-125-1112"",""DriverID"":17,""Latitude"":41.5964825,""Longitude"":-73.9109700,""Status"":""Delivered""}],""DeliveredWhen"":""2013-01-03T08:45:00"",""ReceivedBy"":""Raju Atluri""}","Raju Atluri","2013-01-03","Raju Atluri,1357171200000,{""Event"":""Ready for collection"",""EventTime"":""2013-01-02T12:00:00"",""ConNote"":""EAN-125-1112""},{""Event"":""DeliveryAttempt"",""EventTime"":""2013-01-03T08:45:00"",""ConNote"":""EAN-125-1112"",""DriverID"":17,""Latitude"":41.5964825,""Longitude"":-73.91097,""Status"":""Delivered""}"
"63","{""Events"": [{ ""Event"":""Ready for collection"",""EventTime"":""2013-01-02T12:00:00"",""ConNote"":""EAN-125-1113""},{ ""Event"":""DeliveryAttempt"",""EventTime"":""2013-01-03T08:50:00"",""ConNote"":""EAN-125-1113"",""DriverID"":17,""Latitude"":41.2459149,""Longitude"":-75.8813075,""Status"":""Delivered""}],""DeliveredWhen"":""2013-01-03T08:50:00"",""ReceivedBy"":""Sara Charlton""}","Sara Charlton","2013-01-03","Sara Charlton,1357171200000,{""Event"":""Ready for collection"",""EventTime"":""2013-01-02T12:00:00"",""ConNote"":""EAN-125-1113""},{""Event"":""DeliveryAttempt"",""EventTime"":""2013-01-03T08:50:00"",""ConNote"":""EAN-125-1113"",""DriverID"":17,""Latitude"":41.2459149,""Longitude"":-75.8813075,""Status"":""Delivered""}"
"64","{""Events"": [{ ""Event"":""Ready for collection"",""EventTime"":""2013-01-02T12:00:00"",""ConNote"":""EAN-125-1114""},{ ""Event"":""DeliveryAttempt"",""EventTime"":""2013-01-03T08:55:00"",""ConNote"":""EAN-125-1114"",""DriverID"":17,""Latitude"":34.1092876,""Longitude"":-82.2492911,""Comment"":""Receiver not present""}],""DeliveredWhen"":""2013-01-03T08:55:00"",""ReceivedBy"":""Vitezslav Holy""}","Vitezslav Holy","2013-01-03","Vitezslav Holy,1357171200000,{""Event"":""Ready for collection"",""EventTime"":""2013-01-02T12:00:00"",""ConNote"":""EAN-125-1114""},{""Event"":""DeliveryAttempt"",""EventTime"":""2013-01-03T08:55:00"",""ConNote"":""EAN-125-1114"",""DriverID"":17,""Latitude"":34.1092876,""Longitude"":-82.2492911,""Comment"":""Receiver not present""}"
"65","{""Events"": [{ ""Event"":""Ready for collection"",""EventTime"":""2013-01-02T12:00:00"",""ConNote"":""EAN-125-1115""},{ ""Event"":""DeliveryAttempt"",""EventTime"":""2013-01-03T09:00:00"",""ConNote"":""EAN-125-1115"",""DriverID"":17,""Latitude"":34.7787300,""Longitude"":-82.3101190,""Status"":""Delivered""}],""DeliveredWhen"":""2013-01-03T09:00:00"",""ReceivedBy"":""Am Lo""}","Am Lo","2013-01-03","Am Lo,1357171200000,{""Event"":""Ready for collection"",""EventTime"":""2013-01-02T12:00:00"",""ConNote"":""EAN-125-1115""},{""Event"":""DeliveryAttempt"",""EventTime"":""2013-01-03T09:00:00"",""ConNote"":""EAN-125-1115"",""DriverID"":17,""Latitude"":34.77873,""Longitude"":-82.310119,""Status"":""Delivered""}"
"66","{""Events"": [{ ""Event"":""Ready for collection"",""EventTime"":""2013-01-02T12:00:00"",""ConNote"":""EAN-125-1116""},{ ""Event"":""DeliveryAttempt"",""EventTime"":""2013-01-03T09:05:00"",""ConNote"":""EAN-125-1116"",""DriverID"":17,""Latitude"":40.8759325,""Longitude"":-74.5423796,""Status"":""Delivered""}],""DeliveredWhen"":""2013-01-03T09:05:00"",""ReceivedBy"":""Aakarsha Nookala""}","Aakarsha Nookala","2013-01-03","Aakarsha Nookala,1357171200000,{""Event"":""Ready for collection"",""EventTime"":""2013-01-02T12:00:00"",""ConNote"":""EAN-125-1116""},{""Event"":""DeliveryAttempt"",""EventTime"":""2013-01-03T09:05:00"",""ConNote"":""EAN-125-1116"",""DriverID"":17,""Latitude"":40.8759325,""Longitude"":-74.5423796,""Status"":""Delivered""}"
"67","{""Events"": [{ ""Event"":""Ready for collection"",""EventTime"":""2013-01-02T12:00:00"",""ConNote"":""EAN-125-1117""},{ ""Event"":""DeliveryAttempt"",""EventTime"":""2013-01-03T09:10:00"",""ConNote"":""EAN-125-1117"",""DriverID"":17,""Latitude"":43.4710944,""Longitude"":-89.7442907,""Status"":""Delivered""}],""DeliveredWhen"":""2013-01-03T09:10:00"",""ReceivedBy"":""Marcella Napolitani""}","Marcella Napolitani","2013-01-03","Marcella Napolitani,1357171200000,{""Event"":""Ready for collection"",""EventTime"":""2013-01-02T12:00:00"",""ConNote"":""EAN-125-1117""},{""Event"":""DeliveryAttempt"",""EventTime"":""2013-01-03T09:10:00"",""ConNote"":""EAN-125-1117"",""DriverID"":17,""Latitude"":43.4710944,""Longitude"":-89.7442907,""Status"":""Delivered""}"
"68","{""Events"": [{ ""Event"":""Ready for collection"",""EventTime"":""2013-01-02T12:00:00"",""ConNote"":""EAN-125-1118""},{ ""Event"":""DeliveryAttempt"",""EventTime"":""2013-01-03T09:15:00"",""ConNote"":""EAN-125-1118"",""DriverID"":17,""Latitude"":34.6391501,""Longitude"":-120.4579409,""Status"":""Delivered""}],""DeliveredWhen"":""2013-01-03T09:15:00"",""ReceivedBy"":""Lakshmi Benipal""}","Lakshmi Benipal","2013-01-03","Lakshmi Benipal,1357171200000,{""Event"":""Ready for collection"",""EventTime"":""2013-01-02T12:00:00"",""ConNote"":""EAN-125-1118""},{""Event"":""DeliveryAttempt"",""EventTime"":""2013-01-03T09:15:00"",""ConNote"":""EAN-125-1118"",""DriverID"":17,""Latitude"":34.6391501,""Longitude"":-120.4579409,""Status"":""Delivered""}"
"69","{""Events"": [{ ""Event"":""Ready for collection"",""EventTime"":""2013-01-02T12:00:00"",""ConNote"":""EAN-125-1119""},{ ""Event"":""DeliveryAttempt"",""EventTime"":""2013-01-03T09:20:00"",""ConNote"":""EAN-125-1119"",""DriverID"":17,""Latitude"":40.8042239,""Longitude"":-82.1957120,""Status"":""Delivered""}],""DeliveredWhen"":""2013-01-03T09:20:00"",""ReceivedBy"":""Severins Polis""}","Severins Polis","2013-01-03","Severins Polis,1357171200000,{""Event"":""Ready for collection"",""EventTime"":""2013-01-02T12:00:00"",""ConNote"":""EAN-125-1119""},{""Event"":""DeliveryAttempt"",""EventTime"":""2013-01-03T09:20:00"",""ConNote"":""EAN-125-1119"",""DriverID"":17,""Latitude"":40.8042239,""Longitude"":-82.195712,""Status"":""Delivered""}"
"70","{""Events"": [{ ""Event"":""Ready for collection"",""EventTime"":""2013-01-02T12:00:00"",""ConNote"":""EAN-125-1120""},{ ""Event"":""DeliveryAttempt"",""EventTime"":""2013-01-03T09:25:00"",""ConNote"":""EAN-125-1120"",""DriverID"":17,""Latitude"":34.8778952,""Longitude"":-82.4240114,""Status"":""Delivered""}],""DeliveredWhen"":""2013-01-03T09:25:00"",""ReceivedBy"":""Coralie Emond""}","Coralie Emond","2013-01-03","Coralie Emond,1357171200000,{""Event"":""Ready for collection"",""EventTime"":""2013-01-02T12:00:00"",""ConNote"":""EAN-125-1120""},{""Event"":""DeliveryAttempt"",""EventTime"":""2013-01-03T09:25:00"",""ConNote"":""EAN-125-1120"",""DriverID"":17,""Latitude"":34.8778952,""Longitude"":-82.4240114,""Status"":""Delivered""}"
"71","{""Events"": [{ ""Event"":""Ready for collection"",""EventTime"":""2013-01-02T12:00:00"",""ConNote"":""EAN-125-1121""},{ ""Event"":""DeliveryAttempt"",""EventTime"":""2013-01-03T09:30:00"",""ConNote"":""EAN-125-1121"",""DriverID"":17,""Latitude"":29.8682764,""Longitude"":-94.8327007,""Status"":""Delivered""}],""DeliveredWhen"":""2013-01-03T09:30:00"",""ReceivedBy"":""Surendra Sahu""}","Surendra Sahu","2013-01-03","Surendra Sahu,1357171200000,{""Event"":""Ready for collection"",""EventTime"":""2013-01-02T12:00:00"",""ConNote"":""EAN-125-1121""},{""Event"":""DeliveryAttempt"",""EventTime"":""2013-01-03T09:30:00"",""ConNote"":""EAN-125-1121"",""DriverID"":17,""Latitude"":29.8682764,""Longitude"":-94.8327007,""Status"":""Delivered""}"
"72","{""Events"": [{ ""Event"":""Ready for collection"",""EventTime"":""2013-01-02T12:00:00"",""ConNote"":""EAN-125-1122""},{ ""Event"":""DeliveryAttempt"",""EventTime"":""2013-01-03T09:35:00"",""ConNote"":""EAN-125-1122"",""DriverID"":17,""Latitude"":47.1697143,""Longitude"":-98.4598177,""Status"":""Delivered""}],""DeliveredWhen"":""2013-01-03T09:35:00"",""ReceivedBy"":""Siddhartha Parkar""}","Siddhartha Parkar","2013-01-03","Siddhartha Parkar,1357171200000,{""Event"":""Ready for collection"",""EventTime"":""2013-01-02T12:00:00"",""ConNote"":""EAN-125-1122""},{""Event"":""DeliveryAttempt"",""EventTime"":""2013-01-03T09:35:00"",""ConNote"":""EAN-125-1122"",""DriverID"":17,""Latitude"":47.1697143,""Longitude"":-98.4598177,""Status"":""Delivered""}"
"73","{""Events"": [{ ""Event"":""Ready for collection"",""EventTime"":""2013-01-02T12:00:00"",""ConNote"":""EAN-125-1123""},{ ""Event"":""DeliveryAttempt"",""EventTime"":""2013-01-03T09:40:00"",""ConNote"":""EAN-125-1123"",""DriverID"":17,""Latitude"":18.0597925,""Longitude"":-65.9092860,""Comment"":""Receiver not present""}],""DeliveredWhen"":""2013-01-03T09:40:00"",""ReceivedBy"":""Selma Seppanen""}","Selma Seppanen","2013-01-03","Selma Seppanen,1357171200000,{""Event"":""Ready for collection"",""EventTime"":""2013-01-02T12:00:00"",""ConNote"":""EAN-125-1123""},{""Event"":""DeliveryAttempt"",""EventTime"":""2013-01-03T09:40:00"",""ConNote"":""EAN-125-1123"",""DriverID"":17,""Latitude"":18.0597925,""Longitude"":-65.909286,""Comment"":""Receiver not present""}"
"74","{""Events"": [{ ""Event"":""Ready for collection"",""EventTime"":""2013-01-02T12:00:00"",""ConNote"":""EAN-125-1124""},{ ""Event"":""DeliveryAttempt"",""EventTime"":""2013-01-03T09:45:00"",""ConNote"":""EAN-125-1124"",""DriverID"":17,""Latitude"":47.8856515,""Longitude"":-122.3051342,""Status"":""Delivered""}],""DeliveredWhen"":""2013-01-03T09:45:00"",""ReceivedBy"":""Sumati Bhat""}","Sumati Bhat","2013-01-03","Sumati Bhat,1357171200000,{""Event"":""Ready for collection"",""EventTime"":""2013-01-02T12:00:00"",""ConNote"":""EAN-125-1124""},{""Event"":""DeliveryAttempt"",""EventTime"":""2013-01-03T09:45:00"",""ConNote"":""EAN-125-1124"",""DriverID"":17,""Latitude"":47.8856515,""Longitude"":-122.3051342,""Status"":""Delivered""}"
"75","{""Events"": [{ ""Event"":""Ready for collection"",""EventTime"":""2013-01-02T12:00:00"",""ConNote"":""EAN-125-1125""},{ ""Event"":""DeliveryAttempt"",""EventTime"":""2013-01-03T09:50:00"",""ConNote"":""EAN-125-1125"",""DriverID"":17,""Latitude"":44.8738805,""Longitude"":-88.1428798,""Status"":""Delivered""}],""DeliveredWhen"":""2013-01-03T09:50:00"",""ReceivedBy"":""Kumar Naicker""}","Kumar Naicker","2013-01-03","Kumar Naicker,1357171200000,{""Event"":""Ready for collection"",""EventTime"":""2013-01-02T12:00:00"",""ConNote"":""EAN-125-1125""},{""Event"":""DeliveryAttempt"",""EventTime"":""2013-01-03T09:50:00"",""ConNote"":""EAN-125-1125"",""DriverID"":17,""Latitude"":44.8738805,""Longitude"":-88.1428798,""Status"":""Delivered""}"
"76","{""Events"": [{ ""Event"":""Ready for collection"",""EventTime"":""2013-01-02T12:00:00"",""ConNote"":""EAN-125-1126""},{ ""Event"":""DeliveryAttempt"",""EventTime"":""2013-01-03T09:55:00"",""ConNote"":""EAN-125-1126"",""DriverID"":17,""Latitude"":29.3791112,""Longitude"":-90.2600787,""Status"":""Delivered""}],""DeliveredWhen"":""2013-01-03T09:55:00"",""ReceivedBy"":""Elina Kaleja""}","Elina Kaleja","2013-01-03","Elina Kaleja,1357171200000,{""Event"":""Ready for collection"",""EventTime"":""2013-01-02T12:00:00"",""ConNote"":""EAN-125-1126""},{""Event"":""DeliveryAttempt"",""EventTime"":""2013-01-03T09:55:00"",""ConNote"":""EAN-125-1126"",""DriverID"":17,""Latitude"":29.3791112,""Longitude"":-90.2600787,""Status"":""Delivered""}"
"77","{""Events"": [{ ""Event"":""Ready for collection"",""EventTime"":""2013-01-02T12:00:00"",""ConNote"":""EAN-125-1127""},{ ""Event"":""DeliveryAttempt"",""EventTime"":""2013-01-03T10:00:00"",""ConNote"":""EAN-125-1127"",""DriverID"":17,""Latitude"":41.1216623,""Longitude"":-93.7249413,""Status"":""Delivered""}],""DeliveredWhen"":""2013-01-03T10:00:00"",""ReceivedBy"":""Mina Bagheri""}","Mina Bagheri","2013-01-03","Mina Bagheri,1357171200000,{""Event"":""Ready for collection"",""EventTime"":""2013-01-02T12:00:00"",""ConNote"":""EAN-125-1127""},{""Event"":""DeliveryAttempt"",""EventTime"":""2013-01-03T10:00:00"",""ConNote"":""EAN-125-1127"",""DriverID"":17,""Latitude"":41.1216623,""Longitude"":-93.7249413,""Status"":""Delivered""}"
"78","{""Events"": [{ ""Event"":""Ready for collection"",""EventTime"":""2013-01-02T12:00:00"",""ConNote"":""EAN-125-1128""},{ ""Event"":""DeliveryAttempt"",""EventTime"":""2013-01-03T10:05:00"",""ConNote"":""EAN-125-1128"",""DriverID"":17,""Latitude"":36.4970385,""Longitude"":-99.9866880,""Comment"":""Receiver not present""}],""DeliveredWhen"":""2013-01-03T10:05:00"",""ReceivedBy"":""Krishnam Allu""}","Krishnam Allu","2013-01-03","Krishnam Allu,1357171200000,{""Event"":""Ready for collection"",""EventTime"":""2013-01-02T12:00:00"",""ConNote"":""EAN-125-1128""},{""Event"":""DeliveryAttempt"",""EventTime"":""2013-01-03T10:05:00"",""ConNote"":""EAN-125-1128"",""DriverID"":17,""Latitude"":36.4970385,""Longitude"":-99.986688,""Comment"":""Receiver not present""}"
"79","{""Events"": [{ ""Event"":""Ready for collection"",""EventTime"":""2013-01-02T12:00:00"",""ConNote"":""EAN-125-1129""},{ ""Event"":""DeliveryAttempt"",""EventTime"":""2013-01-03T10:10:00"",""ConNote"":""EAN-125-1129"",""DriverID"":17,""Latitude"":33.7167949,""Longitude"":-82.4398499,""Status"":""Delivered""}],""DeliveredWhen"":""2013-01-03T10:10:00"",""ReceivedBy"":""Maurice English""}","Maurice English","2013-01-03","Maurice English,1357171200000,{""Event"":""Ready for collection"",""EventTime"":""2013-01-02T12:00:00"",""ConNote"":""EAN-125-1129""},{""Event"":""DeliveryAttempt"",""EventTime"":""2013-01-03T10:10:00"",""ConNote"":""EAN-125-1129"",""DriverID"":17,""Latitude"":33.7167949,""Longitude"":-82.4398499,""Status"":""Delivered""}"
"80","{""Events"": [{ ""Event"":""Ready for collection"",""EventTime"":""2013-01-02T12:00:00"",""ConNote"":""EAN-125-1130""},{ ""Event"":""DeliveryAttempt"",""EventTime"":""2013-01-03T10:15:00"",""ConNote"":""EAN-125-1130"",""DriverID"":17,""Latitude"":43.2250269,""Longitude"":-82.5246458,""Status"":""Delivered""}],""DeliveredWhen"":""2013-01-03T10:15:00"",""ReceivedBy"":""Abhaya Rambhatla""}","Abhaya Rambhatla","2013-01-03","Abhaya Rambhatla,1357171200000,{""Event"":""Ready for collection"",""EventTime"":""2013-01-02T12:00:00"",""ConNote"":""EAN-125-1130""},{""Event"":""DeliveryAttempt"",""EventTime"":""2013-01-03T10:15:00"",""ConNote"":""EAN-125-1130"",""DriverID"":17,""Latitude"":43.2250269,""Longitude"":-82.5246458,""Status"":""Delivered""}"
"81","{""Events"": [{ ""Event"":""Ready for collection"",""EventTime"":""2013-01-02T12:00:00"",""ConNote"":""EAN-125-1131""},{ ""Event"":""DeliveryAttempt"",""EventTime"":""2013-01-03T10:20:00"",""ConNote"":""EAN-125-1131"",""DriverID"":17,""Latitude"":40.7048242,""Longitude"":-73.6501295,""Status"":""Delivered""}],""DeliveredWhen"":""2013-01-03T10:20:00"",""ReceivedBy"":""Subhash Matondkar""}","Subhash Matondkar","2013-01-03","Subhash Matondkar,1357171200000,{""Event"":""Ready for collection"",""EventTime"":""2013-01-02T12:00:00"",""ConNote"":""EAN-125-1131""},{""Event"":""DeliveryAttempt"",""EventTime"":""2013-01-03T10:20:00"",""ConNote"":""EAN-125-1131"",""DriverID"":17,""Latitude"":40.7048242,""Longitude"":-73.6501295,""Status"":""Delivered""}"
"82","{""Events"": [{ ""Event"":""Ready for collection"",""EventTime"":""2013-01-02T12:00:00"",""ConNote"":""EAN-125-1132""},{ ""Event"":""DeliveryAttempt"",""EventTime"":""2013-01-03T10:25:00"",""ConNote"":""EAN-125-1132"",""DriverID"":17,""Latitude"":40.1567641,""Longitude"":-75.8327088,""Status"":""Delivered""}],""DeliveredWhen"":""2013-01-03T10:25:00"",""ReceivedBy"":""Jan Zeman""}","Jan Zeman","2013-01-03","Jan Zeman,1357171200000,{""Event"":""Ready for collection"",""EventTime"":""2013-01-02T12:00:00"",""ConNote"":""EAN-125-1132""},{""Event"":""DeliveryAttempt"",""EventTime"":""2013-01-03T10:25:00"",""ConNote"":""EAN-125-1132"",""DriverID"":17,""Latitude"":40.1567641,""Longitude"":-75.8327088,""Status"":""Delivered""}"
"83","{""Events"": [{ ""Event"":""Ready for collection"",""EventTime"":""2013-01-02T12:00:00"",""ConNote"":""EAN-125-1133""},{ ""Event"":""DeliveryAttempt"",""EventTime"":""2013-01-03T10:30:00"",""ConNote"":""EAN-125-1133"",""DriverID"":17,""Latitude"":45.3260745,""Longitude"":-94.5461074,""Status"":""Delivered""}],""DeliveredWhen"":""2013-01-03T10:30:00"",""ReceivedBy"":""Gui-Hyun Ji""}","Gui-Hyun Ji","2013-01-03","Gui-Hyun Ji,1357171200000,{""Event"":""Ready for collection"",""EventTime"":""2013-01-02T12:00:00"",""ConNote"":""EAN-125-1133""},{""Event"":""DeliveryAttempt"",""EventTime"":""2013-01-03T10:30:00"",""ConNote"":""EAN-125-1133"",""DriverID"":17,""Latitude"":45.3260745,""Longitude"":-94.5461074,""Status"":""Delivered""}"
"84","{""Events"": [{ ""Event"":""Ready for collection"",""EventTime"":""2013-01-02T12:00:00"",""ConNote"":""EAN-125-1134""},{ ""Event"":""DeliveryAttempt"",""EventTime"":""2013-01-03T10:35:00"",""ConNote"":""EAN-125-1134"",""DriverID"":17,""Latitude"":30.3738103,""Longitude"":-87.0913555,""Status"":""Delivered""}],""DeliveredWhen"":""2013-01-03T10:35:00"",""ReceivedBy"":""Adam Dvorak""}","Adam Dvorak","2013-01-03","Adam Dvorak,1357171200000,{""Event"":""Ready for collection"",""EventTime"":""2013-01-02T12:00:00"",""ConNote"":""EAN-125-1134""},{""Event"":""DeliveryAttempt"",""EventTime"":""2013-01-03T10:35:00"",""ConNote"":""EAN-125-1134"",""DriverID"":17,""Latitude"":30.3738103,""Longitude"":-87.0913555,""Status"":""Delivered""}"
"85","{""Events"": [{ ""Event"":""Ready for collection"",""EventTime"":""2013-01-02T12:00:00"",""ConNote"":""EAN-125-1135""},{ ""Event"":""DeliveryAttempt"",""EventTime"":""2013-01-03T10:40:00"",""ConNote"":""EAN-125-1135"",""DriverID"":17,""Latitude"":40.9220430,""Longitude"":-74.3454282,""Status"":""Delivered""}],""DeliveredWhen"":""2013-01-03T10:40:00"",""ReceivedBy"":""Asha Mudigonda""}","Asha Mudigonda","2013-01-03","Asha Mudigonda,1357171200000,{""Event"":""Ready for collection"",""EventTime"":""2013-01-02T12:00:00"",""ConNote"":""EAN-125-1135""},{""Event"":""DeliveryAttempt"",""EventTime"":""2013-01-03T10:40:00"",""ConNote"":""EAN-125-1135"",""DriverID"":17,""Latitude"":40.922043,""Longitude"":-74.3454282,""Status"":""Delivered""}"
"86","{""Events"": [{ ""Event"":""Ready for collection"",""EventTime"":""2013-01-02T12:00:00"",""ConNote"":""EAN-125-1136""},{ ""Event"":""DeliveryAttempt"",""EventTime"":""2013-01-03T10:45:00"",""ConNote"":""EAN-125-1136"",""DriverID"":17,""Latitude"":39.9033204,""Longitude"":-105.6444469,""Status"":""Delivered""}],""DeliveredWhen"":""2013-01-03T10:45:00"",""ReceivedBy"":""Jure Grabensek""}","Jure Grabensek","2013-01-03","Jure Grabensek,1357171200000,{""Event"":""Ready for collection"",""EventTime"":""2013-01-02T12:00:00"",""ConNote"":""EAN-125-1136""},{""Event"":""DeliveryAttempt"",""EventTime"":""2013-01-03T10:45:00"",""ConNote"":""EAN-125-1136"",""DriverID"":17,""Latitude"":39.9033204,""Longitude"":-105.6444469,""Status"":""Delivered""}"
"87","{""Events"": [{ ""Event"":""Ready for collection"",""EventTime"":""2013-01-02T12:00:00"",""ConNote"":""EAN-125-1137""},{ ""Event"":""DeliveryAttempt"",""EventTime"":""2013-01-03T10:50:00"",""ConNote"":""EAN-125-1137"",""DriverID"":17,""Latitude"":39.3946303,""Longitude"":-120.0213080,""Status"":""Delivered""}],""DeliveredWhen"":""2013-01-03T10:50:00"",""ReceivedBy"":""Doru Munteanu""}","Doru Munteanu","2013-01-03","Doru Munteanu,1357171200000,{""Event"":""Ready for collection"",""EventTime"":""2013-01-02T12:00:00"",""ConNote"":""EAN-125-1137""},{""Event"":""DeliveryAttempt"",""EventTime"":""2013-01-03T10:50:00"",""ConNote"":""EAN-125-1137"",""DriverID"":17,""Latitude"":39.3946303,""Longitude"":-120.021308,""Status"":""Delivered""}"
"88","{""Events"": [{ ""Event"":""Ready for collection"",""EventTime"":""2013-01-02T12:00:00"",""ConNote"":""EAN-125-1138""},{ ""Event"":""DeliveryAttempt"",""EventTime"":""2013-01-03T10:55:00"",""ConNote"":""EAN-125-1138"",""DriverID"":17,""Latitude"":37.5776335,""Longitude"":-75.7635403,""Status"":""Delivered""}],""DeliveredWhen"":""2013-01-03T10:55:00"",""ReceivedBy"":""Pratap Varghese""}","Pratap Varghese","2013-01-03","Pratap Varghese,1357171200000,{""Event"":""Ready for collection"",""EventTime"":""2013-01-02T12:00:00"",""ConNote"":""EAN-125-1138""},{""Event"":""DeliveryAttempt"",""EventTime"":""2013-01-03T10:55:00"",""ConNote"":""EAN-125-1138"",""DriverID"":17,""Latitude"":37.5776335,""Longitude"":-75.7635403,""Status"":""Delivered""}"
"89","{""Events"": [{ ""Event"":""Ready for collection"",""EventTime"":""2013-01-02T12:00:00"",""ConNote"":""EAN-125-1139""},{ ""Event"":""DeliveryAttempt"",""EventTime"":""2013-01-03T11:00:00"",""ConNote"":""EAN-125-1139"",""DriverID"":17,""Latitude"":29.1924772,""Longitude"":-81.9173071,""Status"":""Delivered""}],""DeliveredWhen"":""2013-01-03T11:00:00"",""ReceivedBy"":""Anete Kundzina""}","Anete Kundzina","2013-01-03","Anete Kundzina,1357171200000,{""Event"":""Ready for collection"",""EventTime"":""2013-01-02T12:00:00"",""ConNote"":""EAN-125-1139""},{""Event"":""DeliveryAttempt"",""EventTime"":""2013-01-03T11:00:00"",""ConNote"":""EAN-125-1139"",""DriverID"":17,""Latitude"":29.1924772,""Longitude"":-81.9173071,""Status"":""Delivered""}"
"90","{""Events"": [{ ""Event"":""Ready for collection"",""EventTime"":""2013-01-02T12:00:00"",""ConNote"":""EAN-125-1140""},{ ""Event"":""DeliveryAttempt"",""EventTime"":""2013-01-03T11:05:00"",""ConNote"":""EAN-125-1140"",""DriverID"":17,""Latitude"":29.3791112,""Longitude"":-90.2600787,""Status"":""Delivered""}],""DeliveredWhen"":""2013-01-03T11:05:00"",""ReceivedBy"":""Elina Kaleja""}","Elina Kaleja","2013-01-03","Elina Kaleja,1357171200000,{""Event"":""Ready for collection"",""EventTime"":""2013-01-02T12:00:00"",""ConNote"":""EAN-125-1140""},{""Event"":""DeliveryAttempt"",""EventTime"":""2013-01-03T11:05:00"",""ConNote"":""EAN-125-1140"",""DriverID"":17,""Latitude"":29.3791112,""Longitude"":-90.2600787,""Status"":""Delivered""}"
"91","{""Events"": [{ ""Event"":""Ready for collection"",""EventTime"":""2013-01-02T12:00:00"",""ConNote"":""EAN-125-1141""},{ ""Event"":""DeliveryAttempt"",""EventTime"":""2013-01-03T11:10:00"",""ConNote"":""EAN-125-1141"",""DriverID"":17,""Latitude"":35.9417050,""Longitude"":-105.2491779,""Comment"":""Receiver not present""}],""DeliveredWhen"":""2013-01-03T11:10:00"",""ReceivedBy"":""Rakesh Nishad""}","Rakesh Nishad","2013-01-03","Rakesh Nishad,1357171200000,{""Event"":""Ready for collection"",""EventTime"":""2013-01-02T12:00:00"",""ConNote"":""EAN-125-1141""},{""Event"":""DeliveryAttempt"",""EventTime"":""2013-01-03T11:10:00"",""ConNote"":""EAN-125-1141"",""DriverID"":17,""Latitude"":35.941705,""Longitude"":-105.2491779,""Comment"":""Receiver not present""}"
"92","{""Events"": [{ ""Event"":""Ready for collection"",""EventTime"":""2013-01-02T12:00:00"",""ConNote"":""EAN-125-1142""},{ ""Event"":""DeliveryAttempt"",""EventTime"":""2013-01-03T11:15:00"",""ConNote"":""EAN-125-1142"",""DriverID"":17,""Latitude"":34.2689145,""Longitude"":-112.7271223,""Status"":""Delivered""}],""DeliveredWhen"":""2013-01-03T11:15:00"",""ReceivedBy"":""Bhaargav Rambhatla""}","Bhaargav Rambhatla","2013-01-03","Bhaargav Rambhatla,1357171200000,{""Event"":""Ready for collection"",""EventTime"":""2013-01-02T12:00:00"",""ConNote"":""EAN-125-1142""},{""Event"":""DeliveryAttempt"",""EventTime"":""2013-01-03T11:15:00"",""ConNote"":""EAN-125-1142"",""DriverID"":17,""Latitude"":34.2689145,""Longitude"":-112.7271223,""Status"":""Delivered""}"
"93","{""Events"": [{ ""Event"":""Ready for collection"",""EventTime"":""2013-01-02T12:00:00"",""ConNote"":""EAN-125-1143""},{ ""Event"":""DeliveryAttempt"",""EventTime"":""2013-01-03T11:20:00"",""ConNote"":""EAN-125-1143"",""DriverID"":17,""Latitude"":30.9637973,""Longitude"":-96.9880430,""Status"":""Delivered""}],""DeliveredWhen"":""2013-01-03T11:20:00"",""ReceivedBy"":""Clarissa Manfrin""}","Clarissa Manfrin","2013-01-03","Clarissa Manfrin,1357171200000,{""Event"":""Ready for collection"",""EventTime"":""2013-01-02T12:00:00"",""ConNote"":""EAN-125-1143""},{""Event"":""DeliveryAttempt"",""EventTime"":""2013-01-03T11:20:00"",""ConNote"":""EAN-125-1143"",""DriverID"":17,""Latitude"":30.9637973,""Longitude"":-96.988043,""Status"":""Delivered""}"
"94","{""Events"": [{ ""Event"":""Ready for collection"",""EventTime"":""2013-01-02T12:00:00"",""ConNote"":""EAN-125-1144""},{ ""Event"":""DeliveryAttempt"",""EventTime"":""2013-01-03T11:25:00"",""ConNote"":""EAN-125-1144"",""DriverID"":17,""Latitude"":38.2973519,""Longitude"":-78.4400099,""Status"":""Delivered""}],""DeliveredWhen"":""2013-01-03T11:25:00"",""ReceivedBy"":""Bryan Helms""}","Bryan Helms","2013-01-03","Bryan Helms,1357171200000,{""Event"":""Ready for collection"",""EventTime"":""2013-01-02T12:00:00"",""ConNote"":""EAN-125-1144""},{""Event"":""DeliveryAttempt"",""EventTime"":""2013-01-03T11:25:00"",""ConNote"":""EAN-125-1144"",""DriverID"":17,""Latitude"":38.2973519,""Longitude"":-78.4400099,""Status"":""Delivered""}"
"95","{""Events"": [{ ""Event"":""Ready for collection"",""EventTime"":""2013-01-02T12:00:00"",""ConNote"":""EAN-125-1145""},{ ""Event"":""DeliveryAttempt"",""EventTime"":""2013-01-03T11:30:00"",""ConNote"":""EAN-125-1145"",""DriverID"":17,""Latitude"":34.1861922,""Longitude"":-103.3343978,""Status"":""Delivered""}],""DeliveredWhen"":""2013-01-03T11:30:00"",""ReceivedBy"":""Eesvaraavu Ankitham""}","Eesvaraavu Ankitham","2013-01-03","Eesvaraavu Ankitham,1357171200000,{""Event"":""Ready for collection"",""EventTime"":""2013-01-02T12:00:00"",""ConNote"":""EAN-125-1145""},{""Event"":""DeliveryAttempt"",""EventTime"":""2013-01-03T11:30:00"",""ConNote"":""EAN-125-1145"",""DriverID"":17,""Latitude"":34.1861922,""Longitude"":-103.3343978,""Status"":""Delivered""}"
"96","{""Events"": [{ ""Event"":""Ready for collection"",""EventTime"":""2013-01-02T12:00:00"",""ConNote"":""EAN-125-1146""},{ ""Event"":""DeliveryAttempt"",""EventTime"":""2013-01-03T11:35:00"",""ConNote"":""EAN-125-1146"",""DriverID"":17,""Latitude"":34.0116799,""Longitude"":-117.4847714,""Status"":""Delivered""}],""DeliveredWhen"":""2013-01-03T11:35:00"",""ReceivedBy"":""Karie Mercier""}","Karie Mercier","2013-01-03","Karie Mercier,1357171200000,{""Event"":""Ready for collection"",""EventTime"":""2013-01-02T12:00:00"",""ConNote"":""EAN-125-1146""},{""Event"":""DeliveryAttempt"",""EventTime"":""2013-01-03T11:35:00"",""ConNote"":""EAN-125-1146"",""DriverID"":17,""Latitude"":34.0116799,""Longitude"":-117.4847714,""Status"":""Delivered""}"
"97","{""Events"": [{ ""Event"":""Ready for collection"",""EventTime"":""2013-01-02T12:00:00"",""ConNote"":""EAN-125-1147""},{ ""Event"":""DeliveryAttempt"",""EventTime"":""2013-01-03T11:40:00"",""ConNote"":""EAN-125-1147"",""DriverID"":17,""Latitude"":26.3403450,""Longitude"":-98.7558590,""Status"":""Delivered""}],""DeliveredWhen"":""2013-01-03T11:40:00"",""ReceivedBy"":""Andris Saulitis""}","Andris Saulitis","2013-01-03","Andris Saulitis,1357171200000,{""Event"":""Ready for collection"",""EventTime"":""2013-01-02T12:00:00"",""ConNote"":""EAN-125-1147""},{""Event"":""DeliveryAttempt"",""EventTime"":""2013-01-03T11:40:00"",""ConNote"":""EAN-125-1147"",""DriverID"":17,""Latitude"":26.340345,""Longitude"":-98.755859,""Status"":""Delivered""}"
"98","{""Events"": [{ ""Event"":""Ready for collection"",""EventTime"":""2013-01-02T12:00:00"",""ConNote"":""EAN-125-1148""},{ ""Event"":""DeliveryAttempt"",""EventTime"":""2013-01-03T11:45:00"",""ConNote"":""EAN-125-1148"",""DriverID"":17,""Latitude"":47.2577003,""Longitude"":-91.3004437,""Status"":""Delivered""}],""DeliveredWhen"":""2013-01-03T11:45:00"",""ReceivedBy"":""Mikhail Degtyarev""}","Mikhail Degtyarev","2013-01-03","Mikhail Degtyarev,1357171200000,{""Event"":""Ready for collection"",""EventTime"":""2013-01-02T12:00:00"",""ConNote"":""EAN-125-1148""},{""Event"":""DeliveryAttempt"",""EventTime"":""2013-01-03T11:45:00"",""ConNote"":""EAN-125-1148"",""DriverID"":17,""Latitude"":47.2577003,""Longitude"":-91.3004437,""Status"":""Delivered""}"
"99","{""Events"": [{ ""Event"":""Ready for collection"",""EventTime"":""2013-01-02T12:00:00"",""ConNote"":""EAN-125-1149""},{ ""Event"":""DeliveryAttempt"",""EventTime"":""2013-01-03T11:50:00"",""ConNote"":""EAN-125-1149"",""DriverID"":17,""Latitude"":34.5939498,""Longitude"":-106.7330813,""Status"":""Delivered""}],""DeliveredWhen"":""2013-01-03T11:50:00"",""ReceivedBy"":""Raymond Desforges""}","Raymond Desforges","2013-01-03","Raymond Desforges,1357171200000,{""Event"":""Ready for collection"",""EventTime"":""2013-01-02T12:00:00"",""ConNote"":""EAN-125-1149""},{""Event"":""DeliveryAttempt"",""EventTime"":""2013-01-03T11:50:00"",""ConNote"":""EAN-125-1149"",""DriverID"":17,""Latitude"":34.5939498,""Longitude"":-106.7330813,""Status"":""Delivered""}"
"100","{""Events"": [{ ""Event"":""Ready for collection"",""EventTime"":""2013-01-02T12:00:00"",""ConNote"":""EAN-125-1150""},{ ""Event"":""DeliveryAttempt"",""EventTime"":""2013-01-03T11:55:00"",""ConNote"":""EAN-125-1150"",""DriverID"":17,""Latitude"":39.3946303,""Longitude"":-120.0213080,""Comment"":""Receiver not present""}],""DeliveredWhen"":""2013-01-03T11:55:00"",""ReceivedBy"":""Doru Munteanu""}","Doru Munteanu","2013-01-03","Doru Munteanu,1357171200000,{""Event"":""Ready for collection"",""EventTime"":""2013-01-02T12:00:00"",""ConNote"":""EAN-125-1150""},{""Event"":""DeliveryAttempt"",""EventTime"":""2013-01-03T11:55:00"",""ConNote"":""EAN-125-1150"",""DriverID"":17,""Latitude"":39.3946303,""Longitude"":-120.021308,""Comment"":""Receiver not present""}"