Half-Finger Gloves,9.15930000,52
HL Bottom Bracket,53.94160000,23
ML Bottom Bracket,44.95060000,27
HL Mountain Frame,743.12060000,7
ML Mountain Tire,11.21630000,49
Front Derailleur,40.62160000,31
ML Road Frame-W,360.94280000,12
HL Mountain Tire,13.09000000,45
HL Touring Frame,601.74370000,9
Rear Derailleur,53.92820000,24
Hydration Pack,20.56630000,40
LL Road Frame,204.62510000,15
Mountain-200,1258.80040000,3
Touring-3000,461.44480000,10
Touring Tire,10.84230000,50
Classic Vest,23.74900000,38
HL Road Tire,12.19240000,47
Road-350-W,1082.51000000,4
LL Road Tire,8.03730000,55
LL Crankset,77.91760000,21
Road-550-W,713.07980000,8
Road-250,1554.94790000,1
Sport-100,13.08630000,46
Bike Wash,2.97330000,60
,5.07602871,57
Water Bottle,1.86630000,61
Touring Tire Tube,1.86630000,61
Mountain Tire Tube,1.86630000,61
Road-750,343.64960000,13
Cycling Cap,6.92230000,56
Touring Pedal,35.95960000,33
HL Road Pedal,35.95960000,33
HL Mountain Pedal,35.95960000,33
HL Touring Seat/Saddle,23.37220000,39
HL Mountain Seat/Saddle 2,23.37220000,39
HL Road Seat/Saddle 2,23.37220000,39
LL Touring Seat/Saddle,12.04130000,48
LL Road Seat/Saddle 1,12.04130000,48
LL Mountain Seat/Saddle 2,12.04130000,48
ML Touring Seat/Saddle,17.37820000,44
ML Road Seat/Saddle 2,17.37820000,44
ML Mountain Seat/Saddle 2,17.37820000,44
HL Touring Handlebars,40.65710000,30
Hitch Rack - 4-Bike,44.88000000,28
LL Touring Frame,199.85190000,16
Patch kit,0.85650000,63
ML Mountain Handlebars,27.49250000,35
ML Road Handlebars,27.49250000,35
Road Bottle Cage,3.36230000,59
Racing Socks,3.36230000,59
Fender Set - Mountain,8.22050000,54
Long-Sleeve Logo Jersey,38.49230000,32
ML Mountain Frame-W,199.37570000,17
LL Road Handlebars,19.77580000,42
LL Mountain Handlebars,19.77580000,42
HL Mountain Handlebars,53.39990000,25
HL Road Handlebars,53.39990000,25
ML Road Pedal,27.56800000,34
ML Mountain Pedal,27.56800000,34
LL Road Pedal,17.97760000,43
LL Mountain Pedal,17.97760000,43
LL Bottom Bracket,23.97160000,37
HL Crankset,179.81560000,18
ML Road Tire,9.34630000,51
LL Mountain Tire,9.34630000,51
Mountain-500,301.39880000,14
HL Road Frame,903.30252727,5
ML Crankset,113.88160000,20
Touring-1000,1481.93790000,2
Road Tire Tube,1.49230000,62
Touring-2000,755.15080000,6
Front Brakes,47.28600000,26
Rear Brakes,47.28600000,26
Chain,8.98660000,53
Mountain-400-W,419.77840000,11
Short-Sleeve Classic Jersey,41.57230000,29
Women's Mountain Shorts,26.17630000,36
All-Purpose Bike Stand,59.46600000,22
LL Touring Handlebars,20.46400000,41
Mountain Bottle Cage,3.73630000,58
LL Mountain Frame,140.68940000,19
